symbol,tf,strategy,profile,has_short,bf_trades,bf_pf,bf_sharpe,bf_net,bf_dd,bf_usd,af_trades,af_pf,af_sharpe,af_net,af_dd,af_usd
BTCUSD,5m,ma_crossover,Scalping,True,25722,0.23309131300262745,-71.49281882784192,-1.0,-1.0,0.0,27482,0.2327863521339092,-74.08997202944585,-1.0,-1.0,0.0
BTCUSD,5m,ma_crossover,Intraday,True,8184,0.49201229386432055,-18.140481723262592,-0.9999995850562229,-0.9999995857693735,0.00020747188855807508,8641,0.49013762846593295,-18.731995648517948,-0.9999998321754885,-0.9999998322750047,8.391225575499206e-05
BTCUSD,5m,ma_crossover,Aggressive,True,9274,0.43865273141173,-21.426277616052715,-0.9999999617503783,-0.9999999616081332,1.9124810846093965e-05,9934,0.44024673458812774,-22.11101168170288,-0.9999999879643252,-0.9999999879494375,6.017837395067005e-06
BTCUSD,5m,ma_crossover,Intraday_Trailing,True,20035,0.22642611275716046,-56.24242086064955,-1.0,-1.0,0.0,21401,0.224039449577209,-58.67641266625557,-1.0,-1.0,0.0
BTCUSD,5m,mean_reversion,Scalping,False,6629,0.2865317768219253,-29.4923940077675,-0.9999959408367052,-0.9999959391762867,0.002029581647411405,6629,0.28657596868634583,-29.48103155475337,-0.9999959470482377,-0.9999959499655487,0.00202647588115612
BTCUSD,5m,mean_reversion,Intraday,False,4796,0.5257261608721525,-12.196271738815495,-0.9997948818713226,-0.9997958230727702,0.1025590643387031,4796,0.5241112148010102,-12.274753540658466,-0.9997967251165943,-0.9997984983217092,0.10163744170282873
BTCUSD,5m,mean_reversion,Aggressive,False,5119,0.47922822833326933,-13.936525301050839,-0.9999189900852407,-0.9999195647648003,0.0405049573796723,5119,0.4782235607249795,-13.980528872643623,-0.9999198924865808,-0.9999207624268999,0.040053756709623745
BTCUSD,5m,mean_reversion,Intraday_Trailing,False,6267,0.2455501918635178,-27.93541821434457,-0.9999931605948605,-0.9999931557698429,0.0034197025697291217,6267,0.24549861992618266,-27.93123239987412,-0.99999318517802,-0.9999931860778775,0.0034074109899751015
BTCUSD,5m,bb_rsi_reversion,Scalping,False,5238,0.30455290035092014,-25.460624747252403,-0.9999222672010449,-0.9999222061142491,0.0388663994775329,5238,0.3046083434828273,-25.4489160187108,-0.9999224083340363,-0.9999224552922085,0.038795832981830536
BTCUSD,5m,bb_rsi_reversion,Intraday,False,4285,0.5183547703542974,-11.920470434544553,-0.9995215658804655,-0.9995249243848329,0.2392170597672605,4285,0.5173215531286236,-11.957952744945775,-0.9995278503041478,-0.9995322428850115,0.23607484792609323
BTCUSD,5m,bb_rsi_reversion,Aggressive,False,4466,0.48173565716073913,-13.10641037802493,-0.9997183551368599,-0.9997205703304806,0.14082243157004237,4466,0.4816717018903083,-13.10532758734288,-0.9997194782272317,-0.9997221552438404,0.14026088638413592
BTCUSD,5m,bb_rsi_reversion,Intraday_Trailing,False,5017,0.2614727365153265,-24.19123471369667,-0.9999148122497087,-0.9999149239003458,0.04259387514565782,5017,0.26138339187211684,-24.188254892864414,-0.9999151652858934,-0.9999154546098404,0.04241735705329264
BTCUSD,5m,vwap_cross,Scalping,False,8938,0.2558492484922573,-38.76508419611578,-0.9999998924169115,-0.999999892656086,5.379154427442856e-05,8938,0.25582199598229266,-38.75921142211065,-0.9999998926264231,-0.9999998929307803,5.368678845929509e-05
BTCUSD,5m,vwap_cross,Intraday,False,5441,0.4785949271719416,-15.266061200659685,-0.9999404729234161,-0.9999414798415873,0.029763538291927016,5441,0.478538792416002,-15.264687680483249,-0.9999406785213181,-0.9999417238140565,0.02966073934096425
BTCUSD,5m,vwap_cross,Aggressive,False,6187,0.4409131742721257,-17.377006415462212,-0.9999862700294854,-0.9999864805309914,0.006864985257315492,6187,0.44075634929967555,-17.381069902608104,-0.9999863499539369,-0.9999865233226518,0.0068250230315647364
BTCUSD,5m,vwap_cross,Intraday_Trailing,False,8262,0.22436095749287446,-35.837212081599965,-0.9999998143160665,-0.9999998155079924,9.284196672565415e-05,8262,0.22421666947600447,-35.84374094168513,-0.9999998150865881,-0.9999998160586069,9.245670595792177e-05
BTCUSD,5m,breakout,Scalping,True,8105,0.22219675430220875,-41.87880294667296,-0.9999998768460675,-0.9999998764792036,6.15769662482002e-05,15522,0.2241902990010226,-57.00383767770726,-0.9999999999999513,-0.9999999999999513,2.4369395390522186e-11
BTCUSD,5m,breakout,Intraday,True,5111,0.4488004709572685,-16.310105103399955,-0.9999441204876239,-0.9999444349061908,0.02793975618803346,8931,0.4552950768954035,-20.867931056159463,-0.9999999665668412,-0.9999999666426915,1.6716579398501352e-05
BTCUSD,5m,breakout,Aggressive,True,5542,0.4040603545882214,-18.384336644756992,-0.9999782129137386,-0.9999781318905172,0.010893543130718886,9903,0.41029254296429796,-23.804812659822623,-0.9999999953954515,-0.9999999953970355,2.302274260124193e-06
BTCUSD,5m,breakout,Intraday_Trailing,True,6967,0.2134426463878866,-34.89959243784226,-0.999998928148046,-0.9999989344311517,0.0005359259769854852,13706,0.21787392327862945,-46.99324966964313,-0.9999999999980009,-0.9999999999980056,9.995337890700284e-10
BTCUSD,5m,price_action,Scalping,True,8556,0.28289583300123095,-34.83020609563041,-0.999999875430043,-0.9999998754219955,6.228497850813142e-05,14021,0.27405235079176377,-46.078976105481765,-0.9999999999958965,-0.9999999999958945,2.0517476606585205e-09
BTCUSD,5m,price_action,Intraday,True,5316,0.5228266681849296,-13.215403742108125,-0.9999276721215684,-0.9999278203096921,0.036163939215794194,7266,0.4875260654307224,-17.339990268793926,-0.999999335274132,-0.9999993349552964,0.000332362934007957
BTCUSD,5m,price_action,Aggressive,True,5680,0.4756986945457492,-15.010700237671827,-0.9999748837227304,-0.9999749894636047,0.012558138634821692,8109,0.44838684580274796,-19.599992053734965,-0.9999998776328122,-0.9999998777241873,6.118359391349415e-05
BTCUSD,5m,price_action,Intraday_Trailing,True,8287,0.23441840618325166,-34.832065150643075,-0.999999897940564,-0.9999998983245443,5.1029718006745384e-05,13292,0.22426038646130542,-45.59467203674811,-0.9999999999951711,-0.9999999999951686,2.414457522803559e-09
BTCUSD,5m,smc,Scalping,True,13799,0.2508469604856007,-49.323615005691146,-0.9999999999949087,-0.9999999999948977,2.5456303731630214e-09,24868,0.2456317809736656,-66.70428733598214,-1.0,-1.0,0.0
BTCUSD,5m,smc,Intraday,True,7225,0.4927502994071525,-16.935579269468814,-0.9999986374271662,-0.9999986336920647,0.0006812864168925792,10319,0.4885903143077485,-20.24465547715922,-0.9999999962414928,-0.9999999962464283,1.8792535860789883e-06
BTCUSD,5m,smc,Aggressive,True,7871,0.45336535091011765,-18.729189041445526,-0.9999996343239343,-0.9999996352123214,0.00018283803282503897,11865,0.45266513083915083,-22.851689965724418,-0.9999999996861443,-0.9999999996868337,1.5692785959586786e-07
BTCUSD,5m,smc,Intraday_Trailing,True,12539,0.22229107036473394,-44.159151682838925,-0.9999999999683712,-0.999999999968301,1.581440534081935e-08,22308,0.22132982174404972,-58.275939753783966,-1.0,-1.0,0.0
BTCUSD,15m,ma_crossover,Scalping,True,6636,0.47415587334010945,-17.764727261307524,-0.9999925619482617,-0.9999925576257036,0.003719025869153292,7121,0.47082190884890723,-18.58731646581878,-0.9999970498081547,-0.9999970492751323,0.0014750959226317306
BTCUSD,15m,ma_crossover,Intraday,True,2279,0.7314074610010494,-4.257406345429231,-0.9712666779521448,-0.9756138217240178,14.366661023927584,2373,0.7393094926993041,-4.19387401396827,-0.9715584114007969,-0.9753613170891363,14.220794299601547
BTCUSD,15m,ma_crossover,Aggressive,True,2471,0.6893597126253904,-4.897211340782532,-0.9819813801539451,-0.9839827719105352,9.009309923027454,2625,0.691239829961936,-5.0231242571264705,-0.9853371057419607,-0.9867237468792821,7.331447129019675
BTCUSD,15m,ma_crossover,Intraday_Trailing,True,6216,0.4213496180067805,-16.919842187493927,-0.999985608580014,-0.9999857745748922,0.007195709993024213,6647,0.41331917896538867,-17.938497805135516,-0.9999945353956143,-0.9999945566455453,0.002732302192831604
BTCUSD,15m,mean_reversion,Scalping,False,1933,0.47390168578208675,-9.254062153460564,-0.9797947489529092,-0.9800289076967441,10.102625523545406,1933,0.4715727012199017,-9.323543553811184,-0.9800918079246176,-0.980320025054199,9.954096037691206
BTCUSD,15m,mean_reversion,Intraday,False,1425,0.7027889771147118,-3.6588524401963247,-0.9301848423351953,-0.9394293943081238,34.907578832402365,1425,0.7092711123489192,-3.541777225996122,-0.9242657587529779,-0.9368290722581886,37.867120623511056
BTCUSD,15m,mean_reversion,Aggressive,False,1532,0.6233310494358133,-4.743561982349099,-0.9662447629444304,-0.9675360289483962,16.877618527784797,1532,0.6262095980042719,-4.675278070946886,-0.9648839973398434,-0.9665941011843135,17.558001330078287
BTCUSD,15m,mean_reversion,Intraday_Trailing,False,1868,0.4155569335897467,-8.694858265038594,-0.9794848274203318,-0.980026013273324,10.257586289834087,1868,0.4150018102241125,-8.657377405405269,-0.9795897340946328,-0.9801578733209351,10.205132952683604
BTCUSD,15m,bb_rsi_reversion,Scalping,False,1657,0.45690732892153046,-8.979433808545002,-0.9693237779733614,-0.9700174914639667,15.338111013319278,1657,0.4536511697147109,-9.054149264520156,-0.9701046262916351,-0.9705039839059042,14.947686854182463
BTCUSD,15m,bb_rsi_reversion,Intraday,False,1300,0.6833347634160046,-3.766730119701127,-0.9257632041178091,-0.932398287700132,37.11839794109545,1300,0.6784731149793218,-3.827433530572203,-0.9282931270006185,-0.9322691499252169,35.85343649969075
BTCUSD,15m,bb_rsi_reversion,Aggressive,False,1354,0.6571049538205981,-3.9379582918352822,-0.931593189430264,-0.9374016453214947,34.20340528486798,1354,0.649472335179862,-4.039972518496858,-0.9358033791803254,-0.9402414142734172,32.098310409837296
BTCUSD,15m,bb_rsi_reversion,Intraday_Trailing,False,1599,0.390343927609066,-8.691868243541192,-0.9662937869578869,-0.9680067355999905,16.85310652105654,1599,0.38296713087421075,-8.862193710373779,-0.967714272797966,-0.9686838026540175,16.14286360101702
BTCUSD,15m,vwap_cross,Scalping,False,2586,0.5062468303462746,-10.04085728226256,-0.9843271142009667,-0.9843695561187045,7.836442899516626,2586,0.5064161743285014,-10.029902906942821,-0.9843239034520381,-0.9843381212003586,7.838048273980935
BTCUSD,15m,vwap_cross,Intraday,False,1516,0.7731683697088122,-2.8248084873122865,-0.8439817966670972,-0.8508818119566267,78.00910166645141,1516,0.7726549457377161,-2.8251570236364776,-0.84316167660414,-0.847926527917014,78.41916169793001
BTCUSD,15m,vwap_cross,Aggressive,False,1724,0.7300387859756078,-3.4105483894857,-0.8998936799062639,-0.9036493037509163,50.05316004686805,1724,0.7298574825943804,-3.3922473733095027,-0.8989920377962027,-0.9002081084108591,50.50398110189863
BTCUSD,15m,vwap_cross,Intraday_Trailing,False,2573,0.4430402667407211,-10.12223059464326,-0.986128201418994,-0.9862192196515783,6.935899290502978,2573,0.4425064045626254,-10.129931535815727,-0.9862083818507775,-0.9862921008889957,6.895809074611236
BTCUSD,15m,breakout,Scalping,True,2385,0.39655198997465213,-13.398580954561268,-0.9933489909730582,-0.9933291782510099,3.3255045134709116,4486,0.4144268588604809,-17.21878241000754,-0.9999062038409352,-0.999906142732286,0.04689807953239811
BTCUSD,15m,breakout,Intraday,True,1525,0.6463203426100668,-4.806663685278802,-0.9472273043334817,-0.94806378290317,26.386347833259162,2517,0.6563719958096509,-5.898957108976835,-0.9924544447185853,-0.992552302514644,3.7727776407073255
BTCUSD,15m,breakout,Aggressive,True,1633,0.6063972707755023,-5.439997422159156,-0.9578208747210553,-0.9595877395738882,21.08956263947237,2765,0.6007525947945311,-7.168929666514168,-0.9965523589008294,-0.9965752426194454,1.7238205495853087
BTCUSD,15m,breakout,Intraday_Trailing,True,2178,0.40357793682732584,-10.544646044712565,-0.9831278992983763,-0.9832491429269333,8.436050350811852,4227,0.39007936096936097,-15.065737601572243,-0.9997769527495404,-0.9997779693937539,0.11152362522981463
BTCUSD,15m,price_action,Scalping,True,2911,0.4987279042367493,-10.900434081889776,-0.9947099446413797,-0.9946879400232547,2.64502767931013,4505,0.4674895771942209,-14.881337244976162,-0.99984449751367,-0.9998450394774308,0.07775124316500293
BTCUSD,15m,price_action,Intraday,True,1726,0.7321739805755526,-3.6806610441748,-0.9403487953931061,-0.9488554784417228,29.825602303446942,2199,0.7071191138965327,-4.60981373098485,-0.98232471758525,-0.9823323711849896,8.837641207375013
BTCUSD,15m,price_action,Aggressive,True,1845,0.6752706102039118,-4.5206334651980535,-0.9644511882130262,-0.9641742679375588,17.77440589348689,2374,0.645958715014184,-5.707486847108939,-0.9915244216536522,-0.9915025032507525,4.237789173173912
BTCUSD,15m,price_action,Intraday_Trailing,True,2901,0.4169677892997466,-11.681809150559411,-0.9964621290318372,-0.9964457182936438,1.768935484081413,4521,0.40327906427644816,-15.120584683614053,-0.9998587598201066,-0.9998587968388513,0.07062008994668245
BTCUSD,15m,smc,Scalping,True,3639,0.46844423165958565,-13.290437023783355,-0.9989998747879705,-0.9989980066996482,0.5000626060147617,6352,0.46258933631592764,-17.677211880408045,-0.9999953518274651,-0.99999535197319,0.002324086267435632
BTCUSD,15m,smc,Intraday,True,1936,0.7201175902087461,-4.098193164540724,-0.9646619493235632,-0.9720095531683306,17.669025338218404,2709,0.694181708866351,-5.343935430164076,-0.9939125173086631,-0.9943445269897037,3.043741345668427
BTCUSD,15m,smc,Aggressive,True,2056,0.6879697687155251,-4.449104267109146,-0.9717199192715194,-0.9784204706521774,14.140040364240324,2936,0.6532722899519753,-6.102458186378644,-0.9966193585248178,-0.9966220659705691,1.6903207375911222
BTCUSD,15m,smc,Intraday_Trailing,True,3515,0.40706320069372126,-13.084848747972734,-0.9988687021493265,-0.9988734417924464,0.5656489253367258,6249,0.3942398389715688,-17.938058943311415,-0.9999961791007469,-0.9999961939433827,0.0019104496265520687
BTCUSD,30m,ma_crossover,Scalping,True,3164,0.5834337657187073,-8.854541462693398,-0.9971407317700742,-0.9971469142275348,1.4296341149628855,3365,0.5858410649082617,-9.063303755584027,-0.997893983449575,-0.9978958232368123,1.0530082752124859
BTCUSD,30m,ma_crossover,Intraday,True,1111,0.8306128227763738,-1.7926697155504356,-0.791810360323516,-0.8336526598224998,104.09481983824197,1160,0.8676793596345796,-1.3982271120936725,-0.7248011733970758,-0.7897455513304971,137.59941330146208
BTCUSD,30m,ma_crossover,Aggressive,True,1209,0.8084367173556485,-1.9751115113076114,-0.8225209678325681,-0.8624667216946243,88.73951608371594,1279,0.8205115288878589,-1.8910866808585984,-0.8212818803693265,-0.8699972877792289,89.35905981533676
BTCUSD,30m,ma_crossover,Intraday_Trailing,True,2944,0.5578749338591422,-7.752461903512604,-0.9939689289699104,-0.9942733846068368,3.015535515044798,3164,0.5457832696481271,-8.335277889862772,-0.9963046426050284,-0.9965179751113867,1.8476786974858106
BTCUSD,30m,mean_reversion,Scalping,False,1007,0.5946689985717051,-4.61690863195096,-0.8663331374265676,-0.8761202320046971,66.8334312867162,1007,0.6029692976458141,-4.450345732159138,-0.8582241241247688,-0.8703641932285139,70.8879379376156
BTCUSD,30m,mean_reversion,Intraday,False,731,0.823745490681118,-1.4674700651237071,-0.6798606969466799,-0.7211036681786819,160.06965152666004,731,0.8413452131400693,-1.2866427259582698,-0.6402494100677442,-0.7011868438747969,179.8752949661279
BTCUSD,30m,mean_reversion,Aggressive,False,787,0.8185975780700732,-1.4383350855701318,-0.6891796744403442,-0.7314636397061924,155.41016277982789,787,0.8302683404675401,-1.3231961261236618,-0.6654418695103156,-0.7166781509566762,167.2790652448422
BTCUSD,30m,mean_reversion,Intraday_Trailing,False,980,0.5439630157595942,-4.297647375311396,-0.8665083511576543,-0.875942362045253,66.74582442117283,980,0.5520946631077686,-4.173698985801431,-0.8610531570180701,-0.873173262931399,69.47342149096497
BTCUSD,30m,bb_rsi_reversion,Scalping,False,855,0.5412259235374258,-5.074512627123746,-0.8612341902099636,-0.8727383425249408,69.3829048950182,855,0.5438350469767869,-5.0202199141395445,-0.8577494998842468,-0.8704718156172856,71.12525005787663
BTCUSD,30m,bb_rsi_reversion,Intraday,False,663,0.8159795354444472,-1.4581434429040865,-0.6583345665014058,-0.7479302289488314,170.8327167492971,663,0.8303515286804182,-1.3228600354390203,-0.6270059037626947,-0.7419187865190346,186.49704811865263
BTCUSD,30m,bb_rsi_reversion,Aggressive,False,719,0.8145092269406276,-1.3795156995885984,-0.6592721183805873,-0.7117904724112379,170.36394080970635,719,0.8205066786046983,-1.3200802746988254,-0.6456532691972249,-0.7075198805164225,177.17336540138757
BTCUSD,30m,bb_rsi_reversion,Intraday_Trailing,False,828,0.5492407074973085,-3.898368180709051,-0.8005611281159652,-0.8075315173465621,99.71943594201737,828,0.5494790735943885,-3.8846117792026886,-0.8006019633972494,-0.8069970200416187,99.69901830137529
BTCUSD,30m,vwap_cross,Scalping,False,1179,0.6559499255905508,-4.173983086781012,-0.8248271346978735,-0.8317177515580845,87.58643265106325,1179,0.6576495171157712,-4.144808753149132,-0.8227789620787117,-0.8305414351415321,88.61051896064414
BTCUSD,30m,vwap_cross,Intraday,False,682,0.8603123100402849,-1.1141533482190245,-0.5407885917908186,-0.6002937175264446,229.6057041045907,682,0.8686605778621883,-1.0384661473998895,-0.5195198097284681,-0.5867675841759344,240.24009513576596
BTCUSD,30m,vwap_cross,Aggressive,False,777,0.8358306199183737,-1.2985573526020258,-0.6051112586279122,-0.6289704387967334,197.44437068604392,777,0.8459551736638151,-1.2042086408180237,-0.5824839465904353,-0.6162378131975698,208.75802670478234
BTCUSD,30m,vwap_cross,Intraday_Trailing,False,1148,0.5789060986275593,-4.441236374576437,-0.8398308989162405,-0.8411041722321245,80.08455054187974,1148,0.5805796561167564,-4.418481694421352,-0.8390700625674756,-0.8405476727163932,80.46496871626219
BTCUSD,30m,breakout,Scalping,True,1159,0.5266717464403902,-6.444597217432308,-0.9122250144296015,-0.9119635411125673,43.887492785199264,2123,0.5749183727466621,-7.35725688188615,-0.9822045052672861,-0.9821906133269982,8.897747366356956
BTCUSD,30m,breakout,Intraday,True,779,0.7026026041522244,-2.8340995225620005,-0.8297552071679097,-0.8456071188469003,85.12239641604513,1268,0.7358250278514403,-3.083978436013757,-0.9275200554350841,-0.9282530206649444,36.239972282457956
BTCUSD,30m,breakout,Aggressive,True,792,0.7470043551546548,-2.2084124507248974,-0.7431194912142646,-0.7703718692972588,128.4402543928677,1292,0.7566485098307438,-2.6409968562628032,-0.8916153360232645,-0.903329478698336,54.19233198836776
BTCUSD,30m,breakout,Intraday_Trailing,True,1076,0.4975122731384676,-5.684631428416855,-0.8899694673546692,-0.8914224716411241,55.015266322665404,2054,0.5108640460297957,-7.348452799726978,-0.9834495813431817,-0.9835471166995161,8.275209328409138
BTCUSD,30m,price_action,Scalping,True,1422,0.6104973130429222,-5.3369996180193064,-0.9273514035536459,-0.9294663884540779,36.32429822317707,2238,0.5708854691951226,-7.604943715388762,-0.9900559162233907,-0.9900411229793789,4.972041888304634
BTCUSD,30m,price_action,Intraday,True,872,0.7899119749214543,-1.991625281675045,-0.8034248490325933,-0.8406150628325719,98.28757548370336,1125,0.6944642611430034,-3.5015414214318503,-0.9591436776023212,-0.9601947834413121,20.42816119883939
BTCUSD,30m,price_action,Aggressive,True,909,0.8103883064756305,-1.6470543008746472,-0.7531325640698447,-0.7760767898946915,123.43371796507763,1204,0.7868981757305645,-2.1390963647582293,-0.8735378973149324,-0.8785489031587144,63.23105134253382
BTCUSD,30m,price_action,Intraday_Trailing,True,1412,0.5256803302126601,-5.624956228602897,-0.9380195921042205,-0.9395017958373985,30.99020394788976,2257,0.5047477789282407,-7.629395755688,-0.9905232668168489,-0.990503582684336,4.73836659157556
BTCUSD,30m,smc,Scalping,True,1751,0.6198806342294989,-5.687349878116692,-0.9522066691866513,-0.9551118397534498,23.896665406674344,3003,0.6069716590012209,-7.809971906094563,-0.995497087195926,-0.995487723040275,2.251456402037
BTCUSD,30m,smc,Intraday,True,1003,0.8278647588941979,-1.7014418725195133,-0.7744420080730959,-0.8250704989366062,112.77899596345203,1340,0.8214340713983412,-2.06224247574364,-0.8756288163622968,-0.8803331961101372,62.185591818851584
BTCUSD,30m,smc,Aggressive,True,1057,0.8558694226625821,-1.2983355087159083,-0.6946728555097406,-0.7782508961281787,152.66357224512973,1482,0.805796359922618,-2.1542746196108573,-0.8900196951073787,-0.8945858961222589,54.99015244631067
BTCUSD,30m,smc,Intraday_Trailing,True,1674,0.5645337235028584,-5.658590284818723,-0.9497565133547171,-0.9520604591643496,25.121743322641443,2930,0.5377210354684271,-7.98353213128361,-0.996117062647382,-0.9961058611393062,1.9414686763090105
BTCUSD,1h,ma_crossover,Scalping,True,1571,0.6959528768533145,-4.230871485291966,-0.9393494903358751,-0.9436506875813153,30.32525483206244,1674,0.6924827687405517,-4.426629438529921,-0.9500333249099702,-0.9552766102778584,24.983337545014916
BTCUSD,1h,ma_crossover,Intraday,True,550,0.914452785855882,-0.6049621075780802,-0.45387126971006,-0.6259371467126392,273.06436514497,577,0.9521023406276846,-0.33824006688660896,-0.33748848552333954,-0.5855978605735055,331.2557572383302
BTCUSD,1h,ma_crossover,Aggressive,True,608,0.8878254494806351,-0.7817191617485986,-0.5201868536394912,-0.6375047709780232,239.90657318025438,638,0.8992766101810432,-0.7158158044701816,-0.5044865241337496,-0.6366329473075512,247.75673793312518
BTCUSD,1h,ma_crossover,Intraday_Trailing,True,1554,0.6353295919683761,-4.3597263386939655,-0.9401107716569392,-0.94614262492583,29.944614171530382,1655,0.6398965636668743,-4.435173599539429,-0.9484704950924757,-0.9527433078722262,25.764752453762142
BTCUSD,1h,mean_reversion,Scalping,False,532,0.7145210534155825,-2.142708277396213,-0.6318506292945548,-0.6578611802801543,184.07468535272258,532,0.7200610799407969,-2.0498269827322515,-0.6240568268237718,-0.660995369535411,187.9715865881141
BTCUSD,1h,mean_reversion,Intraday,False,395,0.8409660694373023,-0.9625721413509248,-0.5559619208698443,-0.637317899169833,222.01903956507783,395,0.8633940524594687,-0.7978380112300141,-0.5064507074011655,-0.6403326367038905,246.77464629941724
BTCUSD,1h,mean_reversion,Aggressive,False,400,0.8228574321116947,-0.993655285340898,-0.562816980677036,-0.6467662370789068,218.591509661482,400,0.8448752314075717,-0.8477461476469766,-0.5171748080763322,-0.6355658829138132,241.4125959618339
BTCUSD,1h,mean_reversion,Intraday_Trailing,False,514,0.5978000768209086,-2.729164882488592,-0.6953184981171642,-0.7089688829182932,152.34075094141792,514,0.5992094749183252,-2.7103880695123794,-0.6957011537160525,-0.7093005249618539,152.14942314197378
BTCUSD,1h,bb_rsi_reversion,Scalping,False,432,0.5434177140795905,-3.672456360069814,-0.748441265621288,-0.7616220298496036,125.77936718935601,432,0.5454094253227033,-3.619402914960142,-0.7455676179207203,-0.7616004047581756,127.21619103963982
BTCUSD,1h,bb_rsi_reversion,Intraday,False,334,0.7590242118790589,-1.436509310517698,-0.6453438884065854,-0.7126482341524973,177.3280557967073,334,0.7940124961795314,-1.1769934011942966,-0.5876293787351754,-0.6972497785698859,206.1853106324123
BTCUSD,1h,bb_rsi_reversion,Aggressive,False,357,0.7235608994806233,-1.6028885996215883,-0.6773360805927156,-0.7458830332465665,161.3319597036422,357,0.7583646673768282,-1.3556119016445085,-0.6259820354301661,-0.7202365885890585,187.00898228491698
BTCUSD,1h,bb_rsi_reversion,Intraday_Trailing,False,416,0.5893505556025243,-2.492086672965372,-0.6328242836539917,-0.6721120324959887,183.58785817300415,416,0.5925901230842253,-2.461258632122891,-0.6283520970692171,-0.6622051004218412,185.82395146539145
BTCUSD,1h,vwap_cross,Scalping,False,579,0.7604708031844124,-1.8921239693952354,-0.542001776908919,-0.6114055199892903,228.99911154554047,579,0.7650305781341762,-1.8311415229294783,-0.5348121390205591,-0.6120808512126534,232.59393048972044
BTCUSD,1h,vwap_cross,Intraday,False,352,0.8878860580795659,-0.6295778492868183,-0.36031718690926207,-0.49226144448915776,319.84140654536895,352,0.915111326545583,-0.4623467555229253,-0.29875816430875224,-0.47992920398003885,350.62091784562386
BTCUSD,1h,vwap_cross,Aggressive,False,401,0.9026400171572898,-0.5313600376166748,-0.3375892972788517,-0.458387660632854,331.2053513605742,401,0.927456124680625,-0.3831226826466644,-0.2796210349185664,-0.46497306340559313,360.1894825407168
BTCUSD,1h,vwap_cross,Intraday_Trailing,False,577,0.6754419286842253,-2.2117857216107515,-0.5881542671644706,-0.6219755945550661,205.92286641776468,577,0.6824616721620813,-2.1306264305512856,-0.5808137737007539,-0.6193452528131718,209.59311314962304
BTCUSD,1h,breakout,Scalping,True,585,0.5839990469158978,-3.8752284019694843,-0.7558691291028398,-0.7558183870707784,122.06543544858012,1051,0.6599536747557886,-3.9201695533489347,-0.875083724594375,-0.8772627876504626,62.4581377028125
BTCUSD,1h,breakout,Intraday,True,402,0.6831647999573174,-2.2483487572015908,-0.7409059594093451,-0.7596079111004186,129.54702029532743,622,0.8198979496204385,-1.4299693311112704,-0.7084189360831477,-0.7175889462042412,145.7905319584262
BTCUSD,1h,breakout,Aggressive,True,418,0.6891435775535164,-2.0766498159907556,-0.6984096619495224,-0.7237902179807773,150.7951690252388,663,0.7483093702055076,-2.0084019750809974,-0.7976226045732435,-0.8099248638392791,101.18869771337825
BTCUSD,1h,breakout,Intraday_Trailing,True,552,0.5974589378342503,-3.005681292160884,-0.6580285988423012,-0.6764412439783202,170.9857005788494,1034,0.6064395871447578,-3.8594324318569417,-0.8655588156353987,-0.8735420292829588,67.22059218230065
BTCUSD,1h,price_action,Scalping,True,691,0.7502060565328182,-2.172662460881172,-0.6669269292847906,-0.696055967329244,166.53653535760472,1121,0.6757974284574148,-3.808866435714848,-0.9019566972554424,-0.9050642674569933,49.02165137227882
BTCUSD,1h,price_action,Intraday,True,436,1.0174184331890326,0.10375213959969978,-0.0442107750324936,-0.4939208924390251,477.8946124837532,607,0.8558305725247518,-1.120269904198372,-0.6790577411295622,-0.7367280462737907,160.4711294352189
BTCUSD,1h,price_action,Aggressive,True,447,0.9484839143976493,-0.29225252474123264,-0.29225795550128697,-0.5322579744720107,353.87102224935654,660,0.8427117948010635,-1.1580884303997936,-0.6931620578532541,-0.7089071418083581,153.41897107337294
BTCUSD,1h,price_action,Intraday_Trailing,True,677,0.7623391671453265,-1.6509084154845741,-0.5730076795135048,-0.6292450688222795,213.49616024324757,1110,0.7501326877259328,-2.2739289927918076,-0.7665647659351527,-0.789830369811339,116.71761703242368
BTCUSD,1h,smc,Scalping,True,877,0.662352936141506,-3.474415192756065,-0.8372495755064316,-0.8390618471940341,81.37521224678417,1430,0.695962378982885,-3.9381218791736106,-0.9300419255843783,-0.929839742603606,34.97903720781087
BTCUSD,1h,smc,Intraday,True,515,0.8753230690845842,-0.8576780913063795,-0.5603435990251874,-0.6430430820343799,219.82820048740632,682,0.860285938855085,-1.1243787956548252,-0.7039982075297142,-0.7206727295019282,148.0008962351429
BTCUSD,1h,smc,Aggressive,True,514,0.8960802526033864,-0.6452495311218323,-0.4615053527877141,-0.6409450800287223,269.24732360614297,768,0.8667698908587325,-1.040966886822484,-0.6681166849258486,-0.7826128988771259,165.94165753707568
BTCUSD,1h,smc,Intraday_Trailing,True,824,0.6077890105420938,-3.444718459199519,-0.8176867983038187,-0.8255805647739304,91.15660084809063,1415,0.6030204435532716,-4.572089597056189,-0.9431691815840333,-0.9442186007846705,28.415409207983355
BTCUSD,4h,ma_crossover,Scalping,True,404,0.8429663671360801,-1.0202521481950297,-0.5228692940276758,-0.6499929725617556,238.5653529861621,427,0.8636172633948946,-0.896044491598154,-0.4939449737214566,-0.6529497741130994,253.0275131392717
BTCUSD,4h,ma_crossover,Intraday,True,163,1.2602678975356958,0.87660321072223,0.7858147880108666,-0.27738986151927064,892.9073940054333,165,1.4191090294684994,1.2788954538405288,1.5822995487076126,-0.27026539674851874,1291.1497743538064
BTCUSD,4h,ma_crossover,Aggressive,True,153,1.1052390979489357,0.3340764405582359,0.1441717425535325,-0.4517004766464103,572.0858712767663,160,1.2146524700270172,0.6504114036318372,0.5117188875328662,-0.4223097612343299,755.8594437664331
BTCUSD,4h,ma_crossover,Intraday_Trailing,True,392,1.040381652785522,0.18461478115044042,0.027755163492081403,-0.4461260571541401,513.8775817460407,415,1.0563701636821023,0.26209964101954314,0.0834974766189045,-0.4673263555131377,541.7487383094523
BTCUSD,4h,mean_reversion,Scalping,False,136,0.8021452141848533,-0.7365484495804823,-0.3051391862708491,-0.4236492658903589,347.43040686457545,136,0.8247965053696839,-0.6307384421214375,-0.27886554163930544,-0.4119711813848429,360.5672291803473
BTCUSD,4h,mean_reversion,Intraday,False,103,0.9908761025211603,-0.02646364443758922,-0.13129131257045168,-0.4619793479981553,434.3543437147742,103,1.045750774592505,0.11403536651351999,-0.058781729517007886,-0.45628905134573255,470.60913524149606
BTCUSD,4h,mean_reversion,Aggressive,False,103,0.8414220697250921,-0.483237292594283,-0.334764936068327,-0.5386737841129023,332.61753196583646,103,0.8699253099890064,-0.3356303612680083,-0.32448419252417837,-0.5568926956003644,337.7579037379108
BTCUSD,4h,mean_reversion,Intraday_Trailing,False,134,0.8032891944202601,-0.6147121973312244,-0.28172274378082074,-0.3809399203139241,359.1386281095896,134,0.8104910881548233,-0.5735356948117902,-0.2800357669714959,-0.3818544241764239,359.982116514252
BTCUSD,4h,bb_rsi_reversion,Scalping,False,116,1.0500873994499407,0.1498212788868779,0.02507884973480068,-0.20911219893647437,512.5394248674004,116,1.0371869979567445,0.11037510305518261,0.0071990090170672705,-0.21275581791688314,503.59950450853364
BTCUSD,4h,bb_rsi_reversion,Intraday,False,92,1.3776851073518013,0.8912701070685011,0.7157495383172647,-0.2400988422805827,857.8747691586324,92,1.4763979223703791,0.9587799441697967,0.9487318296745515,-0.21758518263867604,974.3659148372758
BTCUSD,4h,bb_rsi_reversion,Aggressive,False,92,1.4895365153646964,0.9894198716746153,0.9072254568831872,-0.19170908150662677,953.6127284415936,92,1.7148977207933027,1.1137201537499202,1.4804303016187692,-0.17846907299959053,1240.2151508093846
BTCUSD,4h,bb_rsi_reversion,Intraday_Trailing,False,116,1.597525189419439,1.0865738376924758,0.6444633755746514,-0.1288916926554317,822.2316877873257,116,1.6452371818622855,1.091356096625666,0.7017305595832823,-0.12386668519663319,850.8652797916411
BTCUSD,4h,vwap_cross,Scalping,False,145,0.9363324211317284,-0.23414426270115646,-0.12215250999401739,-0.21458502425549877,438.9237450029913,145,0.977499331445683,-0.07775427323692027,-0.0681750640135137,-0.21174422706329407,465.9124679932431
BTCUSD,4h,vwap_cross,Intraday,False,94,1.2269174228692918,0.5779113134728314,0.33348679280951976,-0.2487771658635047,666.7433964047599,94,1.263804916984083,0.6390113116085857,0.3933378074496716,-0.22627241150454946,696.6689037248358
BTCUSD,4h,vwap_cross,Aggressive,False,102,0.8910675151755818,-0.3123877970423278,-0.25229719631237546,-0.41669885660928996,373.85140184381225,102,0.9640755447131861,-0.0933108293523759,-0.14574978432146157,-0.392416103100516,427.1251078392692
BTCUSD,4h,vwap_cross,Intraday_Trailing,False,149,0.9142245538069694,-0.26974698207821884,-0.13245105116072042,-0.20735210697740503,433.7744744196398,149,0.9118364875634023,-0.2787082637903638,-0.13320529721795282,-0.21384832923748323,433.39735139102356
BTCUSD,4h,breakout,Scalping,True,149,0.7523524335290147,-1.05905345220182,-0.3319138672444739,-0.3903134426517898,334.04306637776307,264,0.8050233644544821,-1.0500519063331377,-0.45166415164580687,-0.5372023717386225,274.16792417709655
BTCUSD,4h,breakout,Intraday,True,98,1.1567268791552439,0.43825864257014796,0.19922351339642352,-0.28822022221957766,599.6117566982117,166,1.1104835758973455,0.4028635388256369,0.20489020561541604,-0.42109618984194,602.445102807708
BTCUSD,4h,breakout,Aggressive,True,106,0.7695818342323947,-0.7540391323871931,-0.382581723629818,-0.5704538567828784,308.709138185091,177,0.8668827123716654,-0.5013342124104002,-0.4229864525251359,-0.6833735999012636,288.50677373743207
BTCUSD,4h,breakout,Intraday_Trailing,True,141,0.8383845606178343,-0.5332485591700359,-0.18374515923163648,-0.2951024304196618,408.12742038418173,262,0.7883030448035168,-0.9634317795684222,-0.39822270919218705,-0.4702561933181109,300.8886454039065
BTCUSD,4h,price_action,Scalping,True,191,0.75232583635371,-1.1471182339912154,-0.44312536173582284,-0.4763466179180152,278.4373191320886,282,0.9185565397602192,-0.4058470318628161,-0.27466516408028085,-0.4193201054656506,362.66741795985956
BTCUSD,4h,price_action,Intraday,True,119,1.0127219281225666,0.04092857727830593,-0.08858044372721041,-0.34410594919909115,455.7097781363948,139,1.192259227383992,0.5804995823803308,0.42406417302714505,-0.34932317233681337,712.0320865135725
BTCUSD,4h,price_action,Aggressive,True,125,0.7815812563785064,-0.7373939252836067,-0.46964994061300247,-0.5702835062456634,265.17502969349874,162,0.9002779268707721,-0.34585411620415213,-0.3765539310889148,-0.5585038828742144,311.72303445554263
BTCUSD,4h,price_action,Intraday_Trailing,True,190,0.8975679361739195,-0.33251071109508673,-0.2094536878377562,-0.4031907697383105,395.2731560811219,296,1.0054143483732123,0.0185348489834336,-0.09433991375561945,-0.3259192905313144,452.83004312219026
BTCUSD,4h,smc,Scalping,True,222,0.9361090650103284,-0.2889019508917395,-0.18802626696948643,-0.37389451967116444,405.9868665152568,398,0.894537603058522,-0.650178857419575,-0.42636181706386655,-0.6058119192397359,286.81909146806674
BTCUSD,4h,smc,Intraday,True,148,1.1126562529086041,0.37840019071119296,0.1834358255549433,-0.46034798234424285,591.7179127774716,176,1.1680983513296517,0.6050538446356188,0.46107178819405115,-0.362028096634313,730.5358940970256
BTCUSD,4h,smc,Aggressive,True,135,0.9792137419179683,-0.06819269696261109,-0.15281226876219944,-0.4734827270743216,423.5938656189003,193,0.9147210384473199,-0.3478314354670994,-0.3686868104853591,-0.5526173469583179,315.6565947573204
BTCUSD,4h,smc,Intraday_Trailing,True,207,0.9857521977335402,-0.04873904599951536,-0.08615481867543529,-0.3714731184624613,456.92259066228235,386,0.7792570516894752,-1.1680931950833144,-0.6014604970541453,-0.6743461312680333,199.26975147292737
ETHUSD,5m,ma_crossover,Scalping,True,22486,0.35434792976567897,-46.64112428429004,-1.0,-1.0,0.0,24118,0.3528059569193453,-48.56581680140927,-1.0,-1.0,0.0
ETHUSD,5m,ma_crossover,Intraday,True,7803,0.5945903609539827,-13.116531961857953,-0.999999487416941,-0.9999995012908863,0.0002562915294990198,8249,0.5863593906855877,-13.88556715863745,-0.9999998206188012,-0.9999998230815468,8.96905993919006e-05
ETHUSD,5m,ma_crossover,Aggressive,True,8648,0.5572852059439534,-14.55742995791252,-0.9999999007236435,-0.9999999040279717,4.963817823444572e-05,9284,0.5536014873069474,-15.278229645249187,-0.9999999705705881,-0.9999999709285974,1.471470595371116e-05
ETHUSD,5m,ma_crossover,Intraday_Trailing,True,19717,0.33463811811415695,-39.289967039602786,-0.9999999999999998,-0.9999999999999998,1.1102230246251565e-13,21050,0.3327517929843168,-40.87074263667078,-1.0,-1.0,0.0
ETHUSD,5m,mean_reversion,Scalping,False,6292,0.43245165897465565,-18.634266399778593,-0.9999845884037868,-0.9999846538498237,0.007705798106605322,6292,0.4325258364113507,-18.625759930217296,-0.9999845800802691,-0.9999846694146395,0.00770995986543177
ETHUSD,5m,mean_reversion,Intraday,False,4686,0.6129215153889032,-9.194704406320561,-0.999873905460776,-0.9998752069841076,0.06304726961198215,4686,0.6116994842345189,-9.183500354339277,-0.9998743629138347,-0.9998770164608592,0.06281854308265444
ETHUSD,5m,mean_reversion,Aggressive,False,4942,0.5889108870089493,-9.728289303053272,-0.999909272591379,-0.9999099296504034,0.04536370431051928,4942,0.5889019418070993,-9.681589426900961,-0.999907507576878,-0.9999102939035057,0.04624621156101849
ETHUSD,5m,mean_reversion,Intraday_Trailing,False,6026,0.37317492935434604,-17.947016791500694,-0.9999827891065886,-0.9999828249773253,0.00860544670572283,6026,0.3733609926423085,-17.934670063880034,-0.9999827328597775,-0.9999827621737805,0.008633570111271638
ETHUSD,5m,bb_rsi_reversion,Scalping,False,5218,0.41860612704180594,-18.316935365389522,-0.9999307376347607,-0.9999309621022209,0.034631182619648815,5218,0.41895009676222783,-18.29444189031825,-0.9999301733530139,-0.9999303604884688,0.03491332349303544
ETHUSD,5m,bb_rsi_reversion,Intraday,False,4174,0.6151787988063054,-8.74711701773757,-0.9996545705581276,-0.9996570389815145,0.17271472093621787,4174,0.6149239278437936,-8.732575036962318,-0.9996454673494818,-0.9996482317474595,0.17726632525910668
ETHUSD,5m,bb_rsi_reversion,Aggressive,False,4297,0.5909167493284654,-9.099210581969686,-0.9997049780788279,-0.9997059060245619,0.1475109605860725,4297,0.5926656282451285,-9.035600218326966,-0.9996831137357177,-0.9996857687930594,0.15844313214113948
ETHUSD,5m,bb_rsi_reversion,Intraday_Trailing,False,5011,0.37485739678960245,-16.93528614924255,-0.9998948530497118,-0.9998953573268604,0.05257347514409094,5011,0.3751764035390058,-16.917462319721437,-0.9998941898195072,-0.9998947070797422,0.05290509024641343
ETHUSD,5m,vwap_cross,Scalping,False,8749,0.36680862602854003,-28.000344684498536,-0.9999998378773627,-0.9999998384391672,8.106131865748267e-05,8749,0.36681848185896165,-27.993988290813135,-0.9999998380893746,-0.9999998382769023,8.095531267571232e-05
ETHUSD,5m,vwap_cross,Intraday,False,5163,0.5881595258837213,-10.872974375147269,-0.9999130064333972,-0.999913917863181,0.043496783301399944,5163,0.5872371687370651,-10.914465286090529,-0.9999117519095699,-0.9999124991189591,0.04412404521503266
ETHUSD,5m,vwap_cross,Aggressive,False,5880,0.5667048924996004,-11.751982765240534,-0.9999652712617693,-0.9999658832359012,0.017364369115369094,5880,0.5669348086642384,-11.744906403177149,-0.9999642651260026,-0.9999646769976811,0.017867436998719732
ETHUSD,5m,vwap_cross,Intraday_Trailing,False,8142,0.32997547882936545,-25.510990798091218,-0.9999996303346109,-0.999999635561564,0.00018483269453861695,8142,0.32990009852218133,-25.509438154281725,-0.999999631008336,-0.9999996345732829,0.0001844958320007528
ETHUSD,5m,breakout,Scalping,True,7232,0.33247631531196215,-28.100705125618852,-0.9999993610572618,-0.9999993656381109,0.00031947136908128115,13798,0.3521427661683794,-36.40279602960298,-0.9999999999973344,-0.9999999999973459,1.3328227410625004e-09
ETHUSD,5m,breakout,Intraday,True,4784,0.6090794190084164,-9.729768851553693,-0.9996703227514109,-0.9996798926556141,0.16483862429456098,8389,0.6031478630131107,-13.022263340676577,-0.9999995895667073,-0.9999995946668423,0.00020521664634287617
ETHUSD,5m,breakout,Aggressive,True,5003,0.535609728536499,-11.775579026979608,-0.9999153209458898,-0.9999185318497079,0.042339527055124115,8952,0.5531809190373768,-14.858270829395195,-0.9999999246904241,-0.9999999257752343,3.76547879543665e-05
ETHUSD,5m,breakout,Intraday_Trailing,True,6574,0.31382667828300126,-24.326748555674577,-0.9999966339498548,-0.9999966480089842,0.0016830250725852203,12919,0.34138750644652477,-30.564198769074423,-0.9999999999626938,-0.999999999962746,1.865307908133218e-08
ETHUSD,5m,price_action,Scalping,True,8374,0.4142161682628939,-23.209323100946555,-0.999999692708008,-0.9999996943403682,0.00015364599598166606,13642,0.40177877833938297,-30.95717656879392,-0.9999999999850333,-0.9999999999850084,7.483347275183405e-09
ETHUSD,5m,price_action,Intraday,True,5294,0.6182911852239477,-9.803069410588567,-0.9999523537246402,-0.9999526143118729,0.023823137679901407,7026,0.6368875486150812,-10.648776863951069,-0.999995845458432,-0.9999958805577497,0.002077270783995555
ETHUSD,5m,price_action,Aggressive,True,5582,0.5758478879875243,-10.911928178574502,-0.999979607711018,-0.9999799564162463,0.010196144490992598,7609,0.5793103446523922,-12.75619892729771,-0.9999994853073928,-0.9999994971569726,0.0002573463036004142
ETHUSD,5m,price_action,Intraday_Trailing,True,8258,0.3618039222969389,-22.581000273238033,-0.9999997778287918,-0.9999997785855229,0.00011108560410422186,13255,0.35857798408666347,-29.079386053040555,-0.9999999999770116,-0.9999999999771144,1.1494194485095477e-08
ETHUSD,5m,smc,Scalping,True,13089,0.3615301311627575,-34.4795333102584,-0.9999999999840611,-0.9999999999840765,7.96945842651553e-09,23073,0.3655694854967505,-45.330360962372225,-1.0,-1.0,0.0
ETHUSD,5m,smc,Intraday,True,6898,0.6173798428604442,-11.314961243006195,-0.9999966050018224,-0.9999966485389353,0.0016974990887930197,9596,0.6226789388997737,-13.157017322554326,-0.999999965768507,-0.999999965947561,1.7115746486773276e-05
ETHUSD,5m,smc,Aggressive,True,7390,0.5641700873563704,-13.043655478231706,-0.999999293977991,-0.9999993057713867,0.00035301100448359435,10816,0.5742759256335203,-15.42213251548635,-0.9999999979337701,-0.9999999979530915,1.0331149269404705e-06
ETHUSD,5m,smc,Intraday_Trailing,True,12187,0.3254594504693498,-30.94844431085276,-0.999999999918508,-0.9999999999189454,4.0746017671011714e-08,21565,0.3377508822373697,-39.77858877122722,-1.0,-1.0,0.0
ETHUSD,15m,ma_crossover,Scalping,True,6381,0.5870136839825136,-12.498653590998114,-0.9999866521335681,-0.9999868151000469,0.006673933215961547,6777,0.5864798646576896,-12.910219215164581,-0.9999935049145864,-0.9999935805022584,0.0032475427068079377
ETHUSD,15m,ma_crossover,Intraday,True,2318,0.7885903803590616,-3.307451891857657,-0.9791311606435673,-0.9800727393154389,10.434419678216344,2432,0.8117006373650123,-2.9773510311504117,-0.9728567422275763,-0.9743822852602434,13.571628886211828
ETHUSD,15m,ma_crossover,Aggressive,True,2415,0.7778452669157875,-3.317173316745005,-0.9777005767031259,-0.9793527432042183,11.149711648437034,2549,0.7757924067645892,-3.435784278930048,-0.9826231346876174,-0.9831026689162357,8.688432656191292
ETHUSD,15m,ma_crossover,Intraday_Trailing,True,6201,0.5412718263066547,-11.90072122641893,-0.9999767537126824,-0.9999772608278531,0.01162314365882322,6617,0.5349689775085508,-12.517981976118067,-0.9999901980536994,-0.9999903050033467,0.00490097315031246
ETHUSD,15m,mean_reversion,Scalping,False,1979,0.5858117687624986,-6.754029748231206,-0.9812564275163835,-0.9821734855835489,9.371786241808234,1979,0.5858533835320904,-6.723903817577609,-0.9811450806718713,-0.9820963678038792,9.42745966406433
ETHUSD,15m,mean_reversion,Intraday,False,1458,0.7846746685993524,-2.580472760359151,-0.9350654600546049,-0.9446245919691533,32.46726997269755,1458,0.7851397354385661,-2.5604936952044786,-0.9343850744308799,-0.945051709001252,32.80746278456004
ETHUSD,15m,mean_reversion,Aggressive,False,1554,0.7533731753927592,-2.8528706755626487,-0.9511089275759581,-0.9556855738103606,24.445536212020947,1554,0.7555451730569355,-2.7988880836864585,-0.9497332220023625,-0.9550618548550247,25.133388998818727
ETHUSD,15m,mean_reversion,Intraday_Trailing,False,1926,0.5377395610057613,-6.054825407870231,-0.977613536728495,-0.9799497620787768,11.193231635752475,1926,0.5401786586630737,-5.942994714091213,-0.9770164872451168,-0.9796233085165121,11.491756377441597
ETHUSD,15m,bb_rsi_reversion,Scalping,False,1711,0.603858637282523,-5.925838432818316,-0.9635060153035273,-0.963211917188876,18.246992348236347,1711,0.6049961772234241,-5.876279876443898,-0.9630076716693986,-0.9628794877230601,18.496164165300698
ETHUSD,15m,bb_rsi_reversion,Intraday,False,1350,0.7843466364657407,-2.493531575607961,-0.9235432141093839,-0.9277578225390607,38.22839294530805,1350,0.7859887014230209,-2.4626437789839346,-0.9216987047629668,-0.9277571061700832,39.15064761851661
ETHUSD,15m,bb_rsi_reversion,Aggressive,False,1407,0.7434707907726884,-2.9615581185326882,-0.9432024273429278,-0.9456799967618321,28.398786328536097,1407,0.7474041377576237,-2.9032631616390026,-0.9404439291655278,-0.9450266776979204,29.778035417236115
ETHUSD,15m,bb_rsi_reversion,Intraday_Trailing,False,1659,0.5770739265560296,-4.906048476489123,-0.9487602898450043,-0.9495454183664992,25.619855077497867,1659,0.5816493318520727,-4.753991707251536,-0.94699004030975,-0.9483003163003804,26.50497984512501
ETHUSD,15m,vwap_cross,Scalping,False,2551,0.605584763279166,-7.427755672394676,-0.9844345776857639,-0.9845978620677805,7.7827111571180385,2551,0.6059196156328056,-7.412764867065657,-0.9842913341321952,-0.9843495463403148,7.85433293390242
ETHUSD,15m,vwap_cross,Intraday,False,1476,0.8158373306424059,-2.251223280861344,-0.8704313009418827,-0.8868582986590453,64.78434952905864,1476,0.8181508620727574,-2.215959350899808,-0.8664873725750583,-0.884485788365988,66.75631371247087
ETHUSD,15m,vwap_cross,Aggressive,False,1705,0.7545713317520333,-3.096874357565267,-0.9412030238674438,-0.94530321756904,29.398488066278095,1705,0.7601905457021491,-3.000623029960321,-0.9368332388222991,-0.9427950652809765,31.583380588850464
ETHUSD,15m,vwap_cross,Intraday_Trailing,False,2498,0.5689233345963536,-6.857656340088312,-0.9813868935925791,-0.9817393688381696,9.306553203710433,2498,0.5692402774898045,-6.809617063506358,-0.9812540126518912,-0.9815579771932982,9.37299367405442
ETHUSD,15m,breakout,Scalping,True,2170,0.5390067078887412,-8.43970576611982,-0.9870297302429409,-0.9872580231488542,6.48513487852953,4098,0.5858548207445231,-9.922686766055795,-0.9994409286001138,-0.999449690433051,0.2795356999431009
ETHUSD,15m,breakout,Intraday,True,1455,0.7583029446063739,-3.017695926081115,-0.9243798747884694,-0.9284842110120805,37.8100626057653,2410,0.8109732213778872,-2.936290652086713,-0.9698110614308612,-0.970796886424821,15.094469284569422
ETHUSD,15m,breakout,Aggressive,True,1475,0.7330773631754617,-3.205355357950201,-0.9255963513214522,-0.9298027746763936,37.201824339273884,2488,0.8048989613935768,-2.8999745897523534,-0.9662357300130031,-0.9674234744762348,16.882134993498443
ETHUSD,15m,breakout,Intraday_Trailing,True,2028,0.5294165295393024,-7.045381721350564,-0.9729510249892722,-0.9736975769004766,13.524487505363892,3964,0.5539499790483805,-8.761025723859456,-0.9989729567789014,-0.9989887482078048,0.5135216105492946
ETHUSD,15m,price_action,Scalping,True,2880,0.5995386355076595,-7.808710943693172,-0.9953526598465446,-0.9953762341704466,2.3236700767276797,4440,0.6098183857193306,-9.427149322568567,-0.9996377608158853,-0.9996451393714136,0.18111959205735495
ETHUSD,15m,price_action,Intraday,True,1697,0.8084200436636345,-2.4404080036908025,-0.9429743645991688,-0.9552737943766376,28.51281770041558,2202,0.8172699511763873,-2.653065499040323,-0.9704270788533798,-0.9785735752394465,14.786460573310123
ETHUSD,15m,price_action,Aggressive,True,1811,0.74041013466213,-3.357783203513495,-0.9744685413840346,-0.9791274103202992,12.7657293079827,2374,0.8177146059987342,-2.5800241289391748,-0.9663528151989257,-0.9729018838450507,16.82359240053716
ETHUSD,15m,price_action,Intraday_Trailing,True,2904,0.5281010710445557,-7.794332668839905,-0.9963102525059794,-0.9963523716429509,1.8448737470103116,4534,0.5434882180875868,-9.34592144879125,-0.9997757983454094,-0.9997763109586144,0.1121008272952917
ETHUSD,15m,smc,Scalping,True,3544,0.5931640035763686,-9.005321120350173,-0.998487922206789,-0.998533832686653,0.7560388966055265,6256,0.6227584887114319,-10.791815814084055,-0.999974717504478,-0.9999748507230787,0.01264124776101383
ETHUSD,15m,smc,Intraday,True,1957,0.8248625588824693,-2.4397346780758005,-0.9438119764193912,-0.9565721887962477,28.094011790304407,2624,0.8429879927583162,-2.5091132038053896,-0.9709397354473852,-0.9714304389046442,14.530132276307395
ETHUSD,15m,smc,Aggressive,True,2021,0.7799261449036089,-2.9467713245392737,-0.9650707179881407,-0.9719697983432911,17.46464100592965,2878,0.8311588216347136,-2.619520523273335,-0.9747891103351245,-0.9757560602956523,12.605444832437751
ETHUSD,15m,smc,Intraday_Trailing,True,3387,0.5538199904515362,-8.35838183440086,-0.9972786515897069,-0.9973811180523194,1.3606742051465726,6100,0.5589890293383806,-10.935920138315524,-0.9999762386111994,-0.9999762802646075,0.011880694400279168
ETHUSD,30m,ma_crossover,Scalping,True,3019,0.6810020932712516,-6.234709912363816,-0.9963762235652803,-0.9966222973133387,1.811888217359836,3227,0.6900037902638131,-6.22551166735707,-0.996966572066223,-0.9972290457582687,1.5167139668885166
ETHUSD,30m,ma_crossover,Intraday,True,1140,0.8376878279289953,-1.7561226238156213,-0.8815209090403545,-0.9092486717436475,59.239545479822745,1210,0.81627923883327,-2.075298607154144,-0.922736746462233,-0.944911564394601,38.631626768883486
ETHUSD,30m,ma_crossover,Aggressive,True,1156,0.8210224001325213,-1.8263408258706135,-0.8826043847055135,-0.9083558421622794,58.69780764724325,1225,0.8141500154258298,-1.9564943624996982,-0.9078786336320022,-0.9324848276501628,46.06068318399892
ETHUSD,30m,ma_crossover,Intraday_Trailing,True,3003,0.6395533016726787,-5.947133110661501,-0.9952158866553844,-0.9953847934437117,2.3920566723077963,3199,0.6348284532144631,-6.229625385960144,-0.9969612113667564,-0.9970877446262808,1.5193943166217916
ETHUSD,30m,mean_reversion,Scalping,False,998,0.6700620258758789,-3.53732952071958,-0.8889883545320756,-0.8990041584463513,55.505822733962205,998,0.67431975202464,-3.454534396227041,-0.8851632616718442,-0.8961580238955528,57.41836916407789
ETHUSD,30m,mean_reversion,Intraday,False,737,0.7603527149653032,-2.1041765621520385,-0.892122392564495,-0.9124601903954269,53.938803717752506,737,0.7647483393583984,-2.043398601968667,-0.8877650747102642,-0.9092484116664403,56.117462644867885
ETHUSD,30m,mean_reversion,Aggressive,False,777,0.8157763206160209,-1.45655801257288,-0.80463992877432,-0.8449937254779942,97.68003561284,777,0.8259920405945212,-1.353961139052538,-0.7885817415135312,-0.8314933689146445,105.70912924323439
ETHUSD,30m,mean_reversion,Intraday_Trailing,False,977,0.5966217048779678,-3.6163760781549565,-0.8995710035718443,-0.9147349835671346,50.214498214077864,977,0.6132964400949523,-3.3421342011982773,-0.8891918005087894,-0.909330931136977,55.404099745605286
ETHUSD,30m,bb_rsi_reversion,Scalping,False,870,0.6435889044612395,-3.6394397116639254,-0.8774741321191355,-0.8828765186196758,61.26293394043225,870,0.6446494492527911,-3.5650466313110876,-0.8775266346419944,-0.8823865408546255,61.23668267900278
ETHUSD,30m,bb_rsi_reversion,Intraday,False,693,0.7731985909109508,-1.9446131681242962,-0.8673836440648071,-0.8869746826731352,66.30817796759646,693,0.7809536066220988,-1.848357643770684,-0.8589589699264981,-0.8832215407393794,70.52051503675094
ETHUSD,30m,bb_rsi_reversion,Aggressive,False,730,0.7963970851963145,-1.621728810162656,-0.8162834065672889,-0.8559855024293321,91.85829671635554,730,0.806384293756433,-1.519838157328727,-0.8023765936094234,-0.8461364381043172,98.81170319528832
ETHUSD,30m,bb_rsi_reversion,Intraday_Trailing,False,847,0.5951206555586647,-3.4263899726978906,-0.860475919082045,-0.8778032686717661,69.7620404589775,847,0.5935493547430025,-3.3865194669527616,-0.862585669823232,-0.8763466464320493,68.70716508838399
ETHUSD,30m,vwap_cross,Scalping,False,1139,0.7217121309635348,-3.2103757034443605,-0.838303829745318,-0.8488666428360774,80.84808512734098,1139,0.7224295570648397,-3.189057756079525,-0.8377425949721196,-0.8490878501362282,81.12870251394023
ETHUSD,30m,vwap_cross,Intraday,False,699,0.8704471262307097,-1.0809711254877936,-0.6476268005841053,-0.707194340585264,176.18659970794738,699,0.8741769764171854,-1.0450381908046684,-0.6383583572004221,-0.7023883672324589,180.82082139978894
ETHUSD,30m,vwap_cross,Aggressive,False,781,0.7779643935392334,-1.9343473576831838,-0.8199240681483662,-0.8446116153009342,90.03796592581692,781,0.7816210952395336,-1.8948446677479787,-0.8152521991959748,-0.8411679504873718,92.3739004020126
ETHUSD,30m,vwap_cross,Intraday_Trailing,False,1128,0.6927173854767985,-3.0282688811081964,-0.8222222325260833,-0.8430911206655862,88.88888373695836,1128,0.6987619191272186,-2.9286690030890106,-0.8166005113439176,-0.8441655289582768,91.69974432804118
ETHUSD,30m,breakout,Scalping,True,1066,0.6406671017535167,-4.287663848564849,-0.8915511730180369,-0.8965530970312398,54.22441349098156,2000,0.6719527360516313,-5.222893347263249,-0.9796148276506149,-0.9799544383413343,10.192586174692542
ETHUSD,30m,breakout,Intraday,True,724,0.7890831698990851,-1.8718057976615168,-0.8021941980110526,-0.806846864263536,98.90290099447368,1220,0.8556971188791829,-1.59987373864894,-0.862352701967917,-0.8655133155117172,68.82364901604149
ETHUSD,30m,breakout,Aggressive,True,716,0.8409880799552332,-1.2545245128598048,-0.6720252845928802,-0.6903114839544136,163.98735770355987,1226,0.887732511334388,-1.1263321236052861,-0.7616087470575205,-0.7740979210344426,119.19562647123976
ETHUSD,30m,breakout,Intraday_Trailing,True,1014,0.6359947702145408,-3.5162570779137496,-0.8344088431100144,-0.8398474699012164,82.7955784449928,1956,0.7114907654174886,-3.4998112470142937,-0.9425443739999665,-0.9446058093574109,28.727813000016756
ETHUSD,30m,price_action,Scalping,True,1446,0.7352441106876181,-3.3730629165602757,-0.9047961518549301,-0.9121637041634225,47.60192407253494,2314,0.7033568096718362,-4.888953403666603,-0.985489693830609,-0.9860593720968935,7.255153084695487
ETHUSD,30m,price_action,Intraday,True,913,0.8418825390739298,-1.5020152544082086,-0.8333202839972318,-0.8629696361347651,83.3398580013841,1195,0.7815683539319853,-2.491851757742522,-0.9625982876869771,-0.9675382493883489,18.70085615651146
ETHUSD,30m,price_action,Aggressive,True,934,0.8521192473955532,-1.309699735934768,-0.7838635133193691,-0.8239526197874343,108.06824334031545,1238,0.8065582616485466,-2.0574241838212073,-0.9273313278993462,-0.9340589803134075,36.334336050326876
ETHUSD,30m,price_action,Intraday_Trailing,True,1460,0.7423101507341946,-2.6537701229345854,-0.8613568902210855,-0.8788317686065736,69.32155488945723,2350,0.6855262464756012,-4.296273766646601,-0.9795051185630765,-0.9801728963754559,10.247440718461732
ETHUSD,30m,smc,Scalping,True,1705,0.6899826428492646,-4.387377754819307,-0.9613189238287977,-0.963804080949476,19.340538085601157,2929,0.7016912026389762,-5.549315001402023,-0.9954182411884508,-0.9954032729095398,2.290879405774604
ETHUSD,30m,smc,Intraday,True,965,0.8982207585700163,-0.9630580014718262,-0.7191135526035384,-0.8241090626544526,140.4432236982308,1294,0.9324605411219151,-0.7365595031601202,-0.7212924930374016,-0.7444578874034723,139.35375348129918
ETHUSD,30m,smc,Aggressive,True,995,0.8778205332765233,-1.0921048447009778,-0.7435696386893214,-0.8180230923054622,128.2151806553393,1442,0.8792385153946314,-1.3156147343879276,-0.8607450255055611,-0.8719231589295982,69.62748724721945
ETHUSD,30m,smc,Intraday_Trailing,True,1628,0.670140490822928,-3.7662449396753255,-0.9385282685577602,-0.9487119366880861,30.735865721119914,2923,0.6765288175054358,-4.871763088489223,-0.9928854660741769,-0.9933987642714779,3.5572669629115317
ETHUSD,1h,ma_crossover,Scalping,True,1535,0.7005505097905764,-4.18127273782114,-0.9759502482700008,-0.9767519020334282,12.024875864999618,1653,0.7144853306309635,-4.092421210775851,-0.9778803665591566,-0.9788191498478707,11.059816720421722
ETHUSD,1h,ma_crossover,Intraday,True,583,0.8749542225643536,-0.9708203445661336,-0.7234151272899307,-0.7858309148607959,138.29243635503462,602,0.9187719910395346,-0.6251828664862478,-0.6095404789895382,-0.717654045100251,195.2297605052309
ETHUSD,1h,ma_crossover,Aggressive,True,618,0.8193138103535827,-1.3677980419621782,-0.8110474607273359,-0.8615857793071243,94.47626963633205,651,0.8647649037353986,-1.0248630071420706,-0.7473797510572567,-0.8201743423116915,126.31012447137164
ETHUSD,1h,ma_crossover,Intraday_Trailing,True,1534,0.6742051886803998,-3.760610620985088,-0.9689558056356751,-0.9724044171746818,15.522097182162465,1645,0.6888344430379119,-3.672503565314347,-0.9722114522506083,-0.9761348399386539,13.894273874695829
ETHUSD,1h,mean_reversion,Scalping,False,547,0.7445371115346495,-1.8961289437803028,-0.7248353418814812,-0.7558595356204447,137.58232905925937,547,0.7502186857288432,-1.8226252263746874,-0.7169429042802343,-0.7476304319875532,141.52854785988285
ETHUSD,1h,mean_reversion,Intraday,False,397,0.8917048352211078,-0.6589657760715402,-0.5733359052938065,-0.648165527837852,213.33204735309675,397,0.9201459021287554,-0.46958639049310785,-0.49663538795785434,-0.6241348229320366,251.68230602107283
ETHUSD,1h,mean_reversion,Aggressive,False,407,0.9074226398832362,-0.5202671164716284,-0.5013659829707857,-0.6018016426422698,249.31700851460715,407,0.9535828079312085,-0.24638961723748404,-0.3691533413531619,-0.5562130966993635,315.42332932341907
ETHUSD,1h,mean_reversion,Intraday_Trailing,False,516,0.6671215485231564,-2.187306122977639,-0.7363520846551714,-0.7658658719620028,131.82395767241428,516,0.6796591366285724,-2.0664110648903002,-0.721484843949016,-0.7488243899537679,139.257578025492
ETHUSD,1h,bb_rsi_reversion,Scalping,False,438,0.8150838639735598,-1.2139995566253377,-0.5427224585959898,-0.6299228349158084,228.6387707020051,438,0.8230421671607464,-1.1435501958088092,-0.5282829614092414,-0.6222999740826313,235.85851929537932
ETHUSD,1h,bb_rsi_reversion,Intraday,False,343,0.7921011349878915,-1.2572551951361481,-0.7512116702793807,-0.7961315937989552,124.39416486030963,343,0.8061118917945955,-1.150228921681574,-0.7291366488943867,-0.787474225408635,135.43167555280667
ETHUSD,1h,bb_rsi_reversion,Aggressive,False,357,0.7505666031294047,-1.4717396856933627,-0.7752288190077441,-0.8240438058551636,112.38559049612795,357,0.7688157662591474,-1.3345236019921614,-0.7514083114719605,-0.8123328214103737,124.29584426401973
ETHUSD,1h,bb_rsi_reversion,Intraday_Trailing,False,431,0.7423995003725404,-1.4012722850189607,-0.5855184287420696,-0.6482846299253456,207.2407856289652,431,0.765784405367836,-1.18615571114279,-0.5541096404573957,-0.6473325914000929,222.94517977130212
ETHUSD,1h,vwap_cross,Scalping,False,591,0.7361505304744033,-2.209460939798636,-0.7205294101775384,-0.733580962414057,139.73529491123082,591,0.7458365548832677,-2.102401648670302,-0.7072505716028121,-0.7271640700470152,146.37471419859395
ETHUSD,1h,vwap_cross,Intraday,False,374,0.8678855020604135,-0.816741075288491,-0.5782453291711667,-0.7477738930100026,210.87733541441668,374,0.8848945850279897,-0.6985691633043652,-0.5380028492440502,-0.7435841494744523,230.9985753779749
ETHUSD,1h,vwap_cross,Aggressive,False,409,0.7960942915388073,-1.2856066116513318,-0.7074507892807611,-0.7765908333216751,146.27460535961944,409,0.8061856278070484,-1.208528528497622,-0.6911305826224938,-0.7689384911414449,154.4347086887531
ETHUSD,1h,vwap_cross,Intraday_Trailing,False,593,0.693736674088217,-2.181757578183219,-0.7290870421144621,-0.7451173946547418,135.45647894276897,593,0.6953288359491452,-2.1613972152343712,-0.7285136599480855,-0.7465064912236942,135.74317002595726
ETHUSD,1h,breakout,Scalping,True,534,0.7733174527944936,-1.7636372025449787,-0.6156817319372792,-0.6302316077241635,192.15913403136042,994,0.7470046477565324,-2.7250941735592256,-0.8782247864778722,-0.8826164440718999,60.887606761063914
ETHUSD,1h,breakout,Intraday,True,371,0.8621907758075732,-0.8546441362735053,-0.5596592632372566,-0.5914016673287529,220.17036838137173,636,0.8874447716237097,-0.9004708156678067,-0.7165791441040216,-0.7429699838338887,141.71042794798922
ETHUSD,1h,breakout,Aggressive,True,385,0.8385218883225435,-0.9659293128543875,-0.580665754150137,-0.6384303069782109,209.6671229249315,641,0.9199612263640673,-0.5790415305062243,-0.5846968054012505,-0.6359768741366177,207.65159729937477
ETHUSD,1h,breakout,Intraday_Trailing,True,517,0.7355769452724278,-1.67620426114008,-0.5946355226843606,-0.6387430836075443,202.6822386578197,986,0.7457681294315411,-2.1582492128306296,-0.8243333428415256,-0.830857072044396,87.8333285792372
ETHUSD,1h,price_action,Scalping,True,743,0.7604999941373937,-2.1334738034801077,-0.7911164884086744,-0.8087347383173327,104.44175579566279,1138,0.7526093538428857,-2.7914090645793945,-0.9143059608303117,-0.9172207715392464,42.84701958484416
ETHUSD,1h,price_action,Intraday,True,449,0.8323445820020012,-1.146266579708069,-0.7572881174754175,-0.8031086580978068,121.35594126229127,584,0.6900913202103985,-2.6862812919082044,-0.964141387966185,-0.964839084735651,17.92930601690751
ETHUSD,1h,price_action,Aggressive,True,487,0.771286035345172,-1.570951654521948,-0.8243960026017896,-0.8536982439213172,87.80199869910521,618,0.6656643001713564,-2.7228608139766046,-0.9603282795400592,-0.9609472284619229,19.835860229970415
ETHUSD,1h,price_action,Intraday_Trailing,True,751,0.686756649485474,-2.4746511147812886,-0.8252698225438725,-0.8315334692596024,87.36508872806375,1187,0.6221739066882287,-3.9212393395667715,-0.9603810249520273,-0.9601142549749734,19.80948752398637
ETHUSD,1h,smc,Scalping,True,845,0.763654053900057,-2.215027417143933,-0.8187023743968627,-0.8226507981831307,90.64881280156867,1417,0.7557642682747321,-3.089475223301615,-0.9491776160032095,-0.9491176126454952,25.411191998395253
ETHUSD,1h,smc,Intraday,True,504,0.8352058778010052,-1.1768654733705968,-0.7758864977492913,-0.8188803319050441,112.05675112535435,678,0.9055468402876193,-0.763601986330512,-0.7311471223472765,-0.8338614310842936,134.42643882636173
ETHUSD,1h,smc,Aggressive,True,525,0.8784166539348006,-0.7930413517988701,-0.6480648133615299,-0.723744153368769,175.96759331923505,694,0.9678812908933994,-0.2310725742522625,-0.4568006515261821,-0.6189311090772136,271.5996742369089
ETHUSD,1h,smc,Intraday_Trailing,True,808,0.745182383357806,-2.0245759759471693,-0.7633328493586802,-0.7782909146490274,118.33357532065992,1398,0.7964724371263358,-2.0409916312102045,-0.8682813237098512,-0.8685134547583578,65.85933814507439
ETHUSD,4h,ma_crossover,Scalping,True,404,0.8767118895323512,-0.7989695020806806,-0.5826833902268644,-0.7064891306234683,208.65830488656778,433,0.8828053092870568,-0.7835643647332687,-0.5944035142133705,-0.7326221266690222,202.79824289331478
ETHUSD,4h,ma_crossover,Intraday,True,142,0.9433791301797382,-0.21201692290239826,-0.3655634843096227,-0.6823227293598157,317.21825784518865,142,1.1625032069697947,0.4942870055520109,0.34429346854848597,-0.6143543421474694,672.1467342742429
ETHUSD,4h,ma_crossover,Aggressive,True,164,0.8716790327114626,-0.49406482105755,-0.5404627701428788,-0.7142404198136586,229.7686149285606,180,0.9551699995056319,-0.16321893162722673,-0.3882318614655864,-0.7028639326208447,305.88406926720677
ETHUSD,4h,ma_crossover,Intraday_Trailing,True,409,0.8272664005599475,-0.9339363921602624,-0.629940419441134,-0.7439756285618626,185.029790279433,431,0.8665874749574137,-0.7185430882729394,-0.5728979038873805,-0.7117520823221047,213.55104805630975
ETHUSD,4h,mean_reversion,Scalping,False,127,0.7089645958687892,-1.1652802520302168,-0.5238984432758136,-0.5483691818763373,238.0507783620932,127,0.6154815369286413,-1.3410221764069534,-0.6541501975793947,-0.6638916321990499,172.92490121030264
ETHUSD,4h,mean_reversion,Intraday,False,85,0.7524361154062764,-0.798045286493802,-0.6073315835441009,-0.589102557800428,196.33420822794955,85,0.716686151980647,-0.8110012370400707,-0.6816663848726952,-0.6315974082230738,159.1668075636524
ETHUSD,4h,mean_reversion,Aggressive,False,89,0.7764465944241491,-0.6600887070330134,-0.5556825726579169,-0.6006131119815628,222.15871367104157,89,0.7176594237895483,-0.6066840331593261,-0.7243225391210725,-0.745410868711341,137.83873043946377
ETHUSD,4h,mean_reversion,Intraday_Trailing,False,118,0.5883296491013664,-1.4101806394108092,-0.5262088170924543,-0.5127908028657099,236.89559145377288,118,0.5992563255939427,-1.3183093325696371,-0.5245599514728994,-0.5004009797476561,237.72002426355033
ETHUSD,4h,bb_rsi_reversion,Scalping,False,108,1.1169037308412215,0.3339791655030715,0.13010653221829593,-0.2559823959719488,565.053266109148,108,1.096893272289393,0.2746362753807212,0.089217603183956,-0.23647528915681534,544.608801591978
ETHUSD,4h,bb_rsi_reversion,Intraday,False,78,0.797641475784169,-0.6201928035148967,-0.5134839403888338,-0.5016016383640652,243.25802980558308,78,0.7946930055377701,-0.5862597646565462,-0.5275752589162679,-0.4562660871009896,236.21237054186605
ETHUSD,4h,bb_rsi_reversion,Aggressive,False,84,0.9867134020399946,-0.0344034062322522,-0.19600439315143947,-0.3378787147223276,401.9978034242803,84,1.1072644175678905,0.21674335971603528,-0.025040978309245232,-0.28874358309423775,487.4795108453774
ETHUSD,4h,bb_rsi_reversion,Intraday_Trailing,False,106,0.9384470370540596,-0.1586274758423104,-0.13308085116000445,-0.24316328071540178,433.45957441999775,106,0.9454326787479819,-0.14057826917081795,-0.12423966743843884,-0.2447233260104503,437.8801662807806
ETHUSD,4h,vwap_cross,Scalping,False,154,0.9661756387870135,-0.1302383456856865,-0.13275731690506243,-0.4140296152900637,433.6213415474688,154,1.011636514303231,0.04296871080952854,-0.04723076275185134,-0.40496277660568436,476.38461862407434
ETHUSD,4h,vwap_cross,Intraday,False,89,0.691766758182002,-1.0830120287126006,-0.6207681749750132,-0.6727199371983116,189.61591251249337,89,0.7545442661464113,-0.7341933286073627,-0.5633843847694373,-0.680812514739035,218.30780761528135
ETHUSD,4h,vwap_cross,Aggressive,False,107,0.7153845981800956,-0.9871687022060578,-0.5975903930443849,-0.6179409928712409,201.20480347780756,107,0.7173138993498707,-0.9411299182427213,-0.6033126267991076,-0.6140161609291278,198.3436866004462
ETHUSD,4h,vwap_cross,Intraday_Trailing,False,160,0.8262587888201903,-0.5998550673052904,-0.33125138808484456,-0.4954084400748742,334.37430595757775,160,0.9014824544323109,-0.3071220285089387,-0.23453939649426103,-0.4804443591187118,382.7303017528695
ETHUSD,4h,breakout,Scalping,True,152,0.8131717500672868,-0.7711976048293324,-0.3553629900241141,-0.3790611448554976,322.31850498794296,256,1.0462395933215798,0.21499468460864146,0.04124677415374012,-0.31614512381123144,520.62338707687
ETHUSD,4h,breakout,Intraday,True,104,0.8021811143823109,-0.68854033570554,-0.4818825548639303,-0.5710825440155672,259.05872256803485,158,0.9502752250481764,-0.1882994158601152,-0.3705691837317766,-0.6368703584628869,314.71540813411167
ETHUSD,4h,breakout,Aggressive,True,112,0.8104240442194814,-0.6333837359191383,-0.4514564794772894,-0.5886400186240065,274.2717602613553,169,1.153079556948468,0.4867665847241725,0.328013937569239,-0.533854727287218,664.0069687846195
ETHUSD,4h,breakout,Intraday_Trailing,True,143,0.9139363518352994,-0.26698662197505435,-0.1645605002740248,-0.3255276416745125,417.7197498629876,254,0.9799918029214506,-0.07644559628475978,-0.1631941504820602,-0.3657188542375283,418.4029247589699
ETHUSD,4h,price_action,Scalping,True,162,0.9891176334260716,-0.04083002194213209,-0.12010932821404663,-0.38994691305612306,439.9453358929767,291,1.0431949408625771,0.21488210310259354,0.022513781041988645,-0.3643091103084012,511.2568905209943
ETHUSD,4h,price_action,Intraday,True,89,0.8815276098240051,-0.35716334464883787,-0.4374977261841444,-0.5391826565357258,281.2511369079278,118,1.2872322913500698,0.7767725994355456,0.8856784143776653,-0.43661254685064127,942.8392071888326
ETHUSD,4h,price_action,Aggressive,True,93,0.8399510058122729,-0.4600838986392764,-0.48101711012985215,-0.5583658150709356,259.4914449350739,124,0.9229180606845196,-0.23143718507770714,-0.4232582464208505,-0.5900816573797134,288.3708767895747
ETHUSD,4h,price_action,Intraday_Trailing,True,160,0.882901627925563,-0.38571179127095595,-0.25434462479713316,-0.3835951039510436,372.8276876014334,294,0.9780529752293385,-0.08830197293145815,-0.20572609990131652,-0.5754749636352948,397.13695004934175
ETHUSD,4h,smc,Scalping,True,219,1.0684821572863596,0.2943629022817411,0.10423122761259096,-0.3383200777908262,552.1156138062955,385,0.9538536234400378,-0.2787025929069731,-0.36914975845767684,-0.46468776824996755,315.4251207711616
ETHUSD,4h,smc,Intraday,True,120,0.8810249096493935,-0.4213958551742616,-0.503704566876737,-0.625916768933003,248.14771656163148,183,1.1617736936301142,0.5931444223994555,0.509380843010675,-0.6465723289298843,754.6904215053374
ETHUSD,4h,smc,Aggressive,True,128,0.9890825000982753,-0.03478962000140202,-0.24685343428957907,-0.5761605142335905,376.5732828552105,182,1.0930407050532496,0.3416725543541234,0.10308269209727694,-0.5308291485982773,551.5413460486385
ETHUSD,4h,smc,Intraday_Trailing,True,216,0.8304355789735536,-0.6851889413902268,-0.4420595111411568,-0.546038986937851,278.9702444294216,384,0.785619153832429,-1.1515675620628847,-0.7080787726036919,-0.7070156608110163,145.96061369815405
SOLUSD,5m,ma_crossover,Scalping,True,21564,0.43372565555996767,-37.2794601710016,-1.0,-1.0,0.0,23050,0.43477269373036626,-38.48926595338264,-1.0,-1.0,0.0
SOLUSD,5m,ma_crossover,Intraday,True,8048,0.6515136754999153,-11.199103320295082,-0.9999992837906352,-0.9999992823276492,0.0003581046824074896,8484,0.6533380471125732,-11.421677470196183,-0.9999995844637792,-0.9999995840893969,0.0002077681103829221
SOLUSD,5m,ma_crossover,Aggressive,True,8567,0.6301306876888245,-11.538468714047575,-0.9999996295995426,-0.9999996288929971,0.00018520022870838204,9169,0.6360639794930076,-11.693216742660208,-0.999999792814638,-0.9999997962132569,0.00010359268098891761
SOLUSD,5m,ma_crossover,Intraday_Trailing,True,18980,0.4067475395724996,-32.073731826049155,-0.9999999999999976,-0.9999999999999976,1.2212453270876722e-12,20212,0.407118802097564,-33.118868699520796,-0.9999999999999997,-0.9999999999999997,1.6653345369377348e-13
SOLUSD,5m,mean_reversion,Scalping,False,6111,0.4710496561854041,-17.03585779900635,-0.9999797017919245,-0.9999797224290681,0.010149104037737722,6111,0.47079891073555813,-17.043935429268906,-0.9999798357825468,-0.9999798826872319,0.010082108726605643
SOLUSD,5m,mean_reversion,Intraday,False,4751,0.6692236418323348,-7.919610974876017,-0.9997729145828259,-0.999788278339092,0.1135427085870444,4751,0.6671562481439157,-7.903454839934771,-0.9997817238142973,-0.9997912347160404,0.10913809285134635
SOLUSD,5m,mean_reversion,Aggressive,False,5037,0.6520640360161317,-8.11548190652167,-0.9998325951560905,-0.9998466190749697,0.08370242195476774,5037,0.6542618985144564,-7.880638014579594,-0.9998238829687972,-0.9998404133105939,0.08805851560139688
SOLUSD,5m,mean_reversion,Intraday_Trailing,False,5883,0.4247808206142008,-16.31585747579521,-0.9999780546055331,-0.999978844271047,0.010972697233435635,5883,0.4230354781340894,-16.39188703702608,-0.9999788287159089,-0.9999794837811281,0.010585642045535248
SOLUSD,5m,bb_rsi_reversion,Scalping,False,5034,0.48877686333614806,-14.786341261392575,-0.9998037770998546,-0.9998047661323636,0.09811145007271316,5034,0.4888188043474204,-14.781926572652207,-0.9998043851438939,-0.9998055881039247,0.09780742805304277
SOLUSD,5m,bb_rsi_reversion,Intraday,False,4174,0.65098685404279,-8.078972161749007,-0.9996005933845034,-0.9996155811934472,0.19970330774832235,4174,0.648100825337355,-8.097551739065706,-0.9996295955313316,-0.9996329723335343,0.18520223433421412
SOLUSD,5m,bb_rsi_reversion,Aggressive,False,4355,0.6368556526727674,-8.045900370189061,-0.9996296515306617,-0.9996573192192798,0.18517423466912764,4355,0.6347697448861815,-7.882327468139045,-0.9996584391601794,-0.9996843513912281,0.17078041991031023
SOLUSD,5m,bb_rsi_reversion,Intraday_Trailing,False,4810,0.4764562294773289,-12.626574544956787,-0.9995896672355301,-0.9995908190496595,0.20516638223494477,4810,0.47524210974479697,-12.662217113469465,-0.9995997673599762,-0.9996012657610456,0.2001163200118783
SOLUSD,5m,vwap_cross,Scalping,False,8001,0.4486029993042529,-21.39432151638254,-0.9999988245169086,-0.999998822556034,0.0005877415457100632,8001,0.44876061679771606,-21.381208710855727,-0.9999988213948011,-0.9999988207398511,0.0005893025994407886
SOLUSD,5m,vwap_cross,Intraday,False,5059,0.659720544323184,-8.508687065366438,-0.9998017773105802,-0.9998040977733634,0.09911134470991234,5059,0.6590427870527605,-8.50031772555588,-0.9997968408653877,-0.9997994065360526,0.1015795673061648
SOLUSD,5m,vwap_cross,Aggressive,False,5586,0.6382881094629677,-8.933870370910764,-0.9999088281371793,-0.9999114603585052,0.04558593141035239,5586,0.6391212673306472,-8.880390557322194,-0.9999022444121178,-0.9999060835782809,0.04887779394108227
SOLUSD,5m,vwap_cross,Intraday_Trailing,False,7592,0.4205012690681841,-19.299627281891656,-0.9999977400831003,-0.9999977672320539,0.0011299584498636328,7592,0.41955499112881084,-19.361040477860175,-0.9999977695964093,-0.9999978038708992,0.0011152017953541815
SOLUSD,5m,breakout,Scalping,True,7464,0.3968857338570564,-24.3579339869921,-0.9999994731663546,-0.9999994722894142,0.00026341682268782307,14335,0.4157397112055969,-32.01229871238957,-0.999999999998012,-0.9999999999980108,9.939826739469027e-10
SOLUSD,5m,breakout,Intraday,True,4924,0.6052928752151016,-10.285707939988189,-0.9999406823454953,-0.9999427863407907,0.029658827252365683,8593,0.6363748367577708,-12.192436803206967,-0.9999998380134256,-0.9999998440145572,8.099328718813581e-05
SOLUSD,5m,breakout,Aggressive,True,5060,0.5894011672420054,-10.436740592725227,-0.9999214280216216,-0.9999277986382288,0.03928598918917503,9004,0.6244278633070027,-12.305979691716622,-0.9999998043001791,-0.9999998197451035,9.784991045203029e-05
SOLUSD,5m,breakout,Intraday_Trailing,True,6680,0.3786680679093887,-20.30437259868534,-0.9999974420978565,-0.9999974374306916,0.00127895107177034,13201,0.391586393472748,-27.477245244014604,-0.9999999999833415,-0.9999999999834083,8.329226197645312e-09
SOLUSD,5m,price_action,Scalping,True,7163,0.4532472519684249,-19.822644479143257,-0.9999989469384637,-0.9999990250741723,0.0005265307681523446,11687,0.46976339256522986,-24.546544233593565,-0.9999999994340403,-0.9999999994487987,2.829798617653978e-07
SOLUSD,5m,price_action,Intraday,True,4758,0.647198796054576,-8.597742180025689,-0.999936557621157,-0.9999445334630419,0.03172118942151858,6557,0.6739771449186511,-9.258399347056017,-0.9999939617942168,-0.9999945941027809,0.003019102891577141
SOLUSD,5m,price_action,Aggressive,True,4983,0.6021614144590791,-9.750557962390976,-0.9999735382795579,-0.9999771066899976,0.013230860221036256,6946,0.6053605921404579,-11.46515928425943,-0.999999445181453,-0.9999995085299038,0.00027740927349695355
SOLUSD,5m,price_action,Intraday_Trailing,True,7062,0.4017314447811919,-18.809324941594237,-0.9999990605766359,-0.9999992005817626,0.00046971168204956726,11390,0.4065656660952749,-24.474382391254263,-0.9999999996072177,-0.9999999996287341,1.9639112558422767e-07
SOLUSD,5m,smc,Scalping,True,13163,0.42485046405769744,-29.80767312676958,-0.9999999999805059,-0.9999999999805197,9.747036511242868e-09,23088,0.4372308876711468,-37.92522512771425,-1.0,-1.0,0.0
SOLUSD,5m,smc,Intraday,True,7233,0.6566947133409358,-10.421707139658926,-0.9999981817960785,-0.999998195129279,0.0009091019607665451,10218,0.666528724817264,-11.880714629667613,-0.9999999831561693,-0.9999999844672101,8.421915331791041e-06
SOLUSD,5m,smc,Aggressive,True,7637,0.6169297094547282,-11.535358563829144,-0.9999994344083871,-0.9999994387299178,0.0002827958064388625,11170,0.6179841637676049,-13.841703821670786,-0.9999999988540275,-0.9999999988926199,5.72986269542497e-07
SOLUSD,5m,smc,Intraday_Trailing,True,12190,0.4045845008326165,-25.735812574101875,-0.9999999998332826,-0.9999999998335142,8.335870882447693e-08,21406,0.4043526637726671,-33.81210751313308,-1.0,-1.0,0.0
SOLUSD,15m,ma_crossover,Scalping,True,6242,0.6458458183927168,-10.447620512342528,-0.9999809824879553,-0.9999809487814433,0.009508756022347242,6673,0.6464049023624235,-10.782176927671733,-0.9999905217010641,-0.9999905309256265,0.0047391494679693835
SOLUSD,15m,ma_crossover,Intraday,True,2332,0.8017595583320758,-3.1687286220200463,-0.9865054534400722,-0.986477888411718,6.747273279963883,2469,0.8186357641152823,-2.869351783396696,-0.9845635524368413,-0.9846331225172729,7.718223781579326
SOLUSD,15m,ma_crossover,Aggressive,True,2453,0.7797191120966852,-3.3812614821497418,-0.9890260075980256,-0.9890050745099251,5.486996200987193,2612,0.8017451141137973,-3.081445496243001,-0.9867331305622543,-0.9867120267531013,6.633434718872843
SOLUSD,15m,ma_crossover,Intraday_Trailing,True,5929,0.5791810930143211,-10.638052607981619,-0.9999818753758324,-0.9999818520914371,0.009062312083807367,6339,0.5846356535069401,-10.800954998442274,-0.9999897610311184,-0.9999897593925157,0.005119484440818667
SOLUSD,15m,mean_reversion,Scalping,False,1907,0.6390154524798644,-5.737096140201883,-0.9773739368782054,-0.9800480066755224,11.313031560897302,1907,0.6365218446277539,-5.678073349194801,-0.9780425506890025,-0.9803566478981433,10.978724655498763
SOLUSD,15m,mean_reversion,Intraday,False,1446,0.7981464182648205,-2.4623638132187176,-0.9493921363886939,-0.9557734171206653,25.303931805653047,1446,0.7980543742300018,-2.4154186046554367,-0.9496804524747705,-0.9559845602608261,25.159773762614744
SOLUSD,15m,mean_reversion,Aggressive,False,1539,0.8006430587562325,-2.291356457675952,-0.9422047361021771,-0.9536649595665143,28.897631948911428,1539,0.8031147734906536,-2.178219974183371,-0.941200596310116,-0.9532289053429025,29.399701844942005
SOLUSD,15m,mean_reversion,Intraday_Trailing,False,1845,0.564332382235387,-5.982424655846743,-0.9803862037982204,-0.9819747408864656,9.806898100889805,1845,0.5602040328108993,-6.057722693018616,-0.9811978092038997,-0.9824705034134634,9.401095398050174
SOLUSD,15m,bb_rsi_reversion,Scalping,False,1623,0.6400644092947694,-5.307173280231884,-0.9591447091238565,-0.9645864229306561,20.42764543807174,1623,0.6322082229105264,-5.368696172463977,-0.9622821939786907,-0.9659142925917431,18.858903010654625
SOLUSD,15m,bb_rsi_reversion,Intraday,False,1319,0.7540237296322913,-2.953186493830617,-0.9631381079053274,-0.9664964610593062,18.430946047336306,1319,0.7523640176448042,-2.9081420286713815,-0.9641040721443311,-0.966514856275921,17.947963927834433
SOLUSD,15m,bb_rsi_reversion,Aggressive,False,1376,0.7308542862026621,-3.059842670355084,-0.9656796752691411,-0.9723946267188939,17.160162365429443,1376,0.7349252786116921,-2.902642929564279,-0.9644519066009123,-0.9719394522778902,17.774046699543856
SOLUSD,15m,bb_rsi_reversion,Intraday_Trailing,False,1552,0.5853646022099502,-5.226668242046801,-0.9571149184879765,-0.9650905003311794,21.442540756011763,1552,0.5770985003862323,-5.347985609689346,-0.9598159803805326,-0.9670675218382732,20.09200980973369
SOLUSD,15m,vwap_cross,Scalping,False,2389,0.7047702400953726,-5.08061288552229,-0.9653502698900309,-0.9652375084867221,17.32486505498454,2389,0.7007850582727488,-5.134945071145206,-0.9669212727307724,-0.9669027750929833,16.53936363461378
SOLUSD,15m,vwap_cross,Intraday,False,1474,0.8598905995945094,-1.7061633726408818,-0.8510891889003986,-0.8531345666518119,74.45540554980067,1474,0.8561036606647282,-1.7469197278125776,-0.8577352202476732,-0.8609032302043726,71.13238987616339
SOLUSD,15m,vwap_cross,Aggressive,False,1634,0.842155948670098,-1.870411463379528,-0.8812520011998071,-0.8805391870450335,59.373999400096466,1634,0.8373348884813759,-1.906034149898143,-0.889164136891487,-0.890408146502837,55.417931554256505
SOLUSD,15m,vwap_cross,Intraday_Trailing,False,2346,0.6722098923293536,-4.760634284499337,-0.9626462583403516,-0.9626143774683563,18.67687082982422,2346,0.6695506578996963,-4.780693926835412,-0.9637157922126623,-0.9642928030262232,18.142103893668825
SOLUSD,15m,breakout,Scalping,True,2214,0.6274373515327626,-6.602268396267788,-0.9826478338958459,-0.9826659625008497,8.676083052077066,4277,0.638144547379218,-8.744715134693925,-0.9995708860258719,-0.9995904369572061,0.214556987064074
SOLUSD,15m,breakout,Intraday,True,1470,0.7545457220785705,-3.228717295574319,-0.9588547624755703,-0.9586673703555502,20.572618762214834,2453,0.8036892578700213,-3.19406501828514,-0.9878418864018748,-0.989775393198172,6.079056799062621
SOLUSD,15m,breakout,Aggressive,True,1532,0.7052584487237715,-3.7785367182966247,-0.9717650667400495,-0.9732151002071328,14.117466629975262,2606,0.7674760733299566,-3.6926235104682457,-0.9930225565679373,-0.9949219867487352,3.4887217160313733
SOLUSD,15m,breakout,Intraday_Trailing,True,2111,0.49213503225781247,-8.383857894266795,-0.9921746970497303,-0.9921512950604948,3.912651475134865,4142,0.5541849079484411,-9.503314225971634,-0.9997503659108355,-0.9997835699270324,0.12481704458222609
SOLUSD,15m,price_action,Scalping,True,2510,0.6339837524069688,-6.825733831562724,-0.9930181819310733,-0.9937042815028907,3.490909034463363,4066,0.6414153762266182,-8.471513028091055,-0.999582104801059,-0.9996047007776204,0.20894759947048813
SOLUSD,15m,price_action,Intraday,True,1622,0.7298089864804332,-3.7989357270995465,-0.9884351620334227,-0.990220537522371,5.782418983288629,2120,0.7761961749102438,-3.4726342003923625,-0.9916462096520666,-0.9932896286824369,4.176895173966688
SOLUSD,15m,price_action,Aggressive,True,1698,0.7252620790944209,-3.56846453934342,-0.9859148775019494,-0.9880088046326285,7.042561249025303,2295,0.7551960092333108,-3.614206912210979,-0.9939371464542597,-0.9954371247236121,3.0314267728701605
SOLUSD,15m,price_action,Intraday_Trailing,True,2502,0.5586153269265111,-7.193871378620995,-0.9949706737597405,-0.9956172741116435,2.5146631201297676,4080,0.5729114720213759,-8.834201831554376,-0.9997193172467156,-0.9997457941199004,0.1403413766422057
SOLUSD,15m,smc,Scalping,True,3607,0.6679358916252277,-7.119143983107328,-0.9977050028235239,-0.9978577232818676,1.1474985882380384,6337,0.6939351370266639,-8.587249669440471,-0.9999486126763238,-0.9999529946920254,0.02569366183807764
SOLUSD,15m,smc,Intraday,True,2015,0.8142712859229329,-2.705512081696687,-0.9752385486015472,-0.9770477604549795,12.38072569922638,2766,0.8489868625613513,-2.542438037431489,-0.9855109079427187,-0.9877200667957968,7.244546028640664
SOLUSD,15m,smc,Aggressive,True,2130,0.7723529236610711,-3.195513218156203,-0.9860895711771656,-0.9872982280530417,6.955214411417221,3000,0.820347007422402,-2.9584521423702106,-0.9921123626388698,-0.9937426610337542,3.943818680565092
SOLUSD,15m,smc,Intraday_Trailing,True,3437,0.5850980633836786,-7.696167353705649,-0.9985616472790872,-0.9986896670300808,0.719176360456375,6173,0.6018489515742546,-9.719924972442652,-0.9999861479867954,-0.99998800490132,0.006926006602292478
SOLUSD,30m,ma_crossover,Scalping,True,2971,0.755129233789165,-4.639163748718528,-0.9928772660389567,-0.9928735129820832,3.561366980521674,3181,0.7529709264426871,-4.846192897199973,-0.9951458344207494,-0.9951352914873416,2.427082789625279
SOLUSD,30m,ma_crossover,Intraday,True,1145,0.8455333127376756,-1.7255058497379343,-0.9175342546587775,-0.9171070522516546,41.232872670611265,1200,0.8281940106872185,-1.9811885012266648,-0.943041089084639,-0.9432482248236728,28.47945545768049
SOLUSD,30m,ma_crossover,Aggressive,True,1134,0.8648183634002619,-1.3493742758450085,-0.8632546701869349,-0.8626723669575573,68.37266490653255,1212,0.8763834355764325,-1.2403923346149115,-0.8673536569009559,-0.871672642531147,66.32317154952206
SOLUSD,30m,ma_crossover,Intraday_Trailing,True,2896,0.7032682447115813,-4.806289932047254,-0.9931265795331675,-0.9932926770161477,3.4367102334162403,3073,0.7122626594620673,-4.755578998563773,-0.9937552927056283,-0.9939625043487562,3.122353647185827
SOLUSD,30m,mean_reversion,Scalping,False,988,0.6475890334244401,-4.042779278727854,-0.928742303615077,-0.9341928898934305,35.62884819246148,988,0.6382378382575341,-4.158112738031628,-0.9342465979264101,-0.9358946904683489,32.87670103679496
SOLUSD,30m,mean_reversion,Intraday,False,757,0.827094560435502,-1.5594224139506008,-0.8503874320630231,-0.8858425506558687,74.80628396848843,757,0.8163124275899308,-1.662223999065485,-0.8655834417419123,-0.8861165273843563,67.20827912904387
SOLUSD,30m,mean_reversion,Aggressive,False,805,0.8432259821846984,-1.2990444465379802,-0.8173431655221866,-0.8702894717961013,91.32841723890672,805,0.8367472755820241,-1.3513482778496273,-0.828480661380449,-0.871736737361326,85.75966930977552
SOLUSD,30m,mean_reversion,Intraday_Trailing,False,964,0.6484851740224289,-3.122494270656065,-0.8888234797371275,-0.9019751133465247,55.58826013143625,964,0.6397597916656265,-3.194120852360166,-0.8964088014530338,-0.9048448118685944,51.79559927348309
SOLUSD,30m,bb_rsi_reversion,Scalping,False,841,0.7641846443315676,-2.2621020678649115,-0.7796246929249737,-0.8024059536109938,110.18765353751314,841,0.757277690469025,-2.299768264722984,-0.7904568772546195,-0.8089903482088575,104.77156137269023
SOLUSD,30m,bb_rsi_reversion,Intraday,False,665,0.8703513517500269,-1.0260995714638987,-0.7509952397550834,-0.80471935169912,124.50238012245829,665,0.8660455773329576,-1.0420262350516625,-0.7628090959822479,-0.8112804344976743,118.59545200887605
SOLUSD,30m,bb_rsi_reversion,Aggressive,False,702,0.8653339347191367,-1.0153159616696912,-0.7330295871780841,-0.8118191452319388,133.48520641095797,702,0.8690692357361934,-0.9698382552383941,-0.7263141513512427,-0.8035766299651437,136.84292432437866
SOLUSD,30m,bb_rsi_reversion,Intraday_Trailing,False,812,0.7104111776140928,-2.2570681507922656,-0.7881945585036704,-0.8069336302951033,105.90272074816481,812,0.7062112309659215,-2.2794595933391877,-0.7945553959925498,-0.8030549140514839,102.72230200372512
SOLUSD,30m,vwap_cross,Scalping,False,1121,0.8588073232797956,-1.5110714252342072,-0.6617221665931508,-0.6679766654625391,169.13891670342463,1121,0.8573591904321332,-1.5221593074829154,-0.664380295473479,-0.6696154463387536,167.8098522632605
SOLUSD,30m,vwap_cross,Intraday,False,705,0.8895690352506128,-0.9270915730399386,-0.6731521721354162,-0.6930140041997592,163.4239139322919,705,0.8826335642544586,-0.9803484610062513,-0.6931285864242585,-0.7104011847538931,153.43570678787077
SOLUSD,30m,vwap_cross,Aggressive,False,769,0.8726556428814778,-1.0318729208008037,-0.7126267981935057,-0.7175640174177443,143.68660090324715,769,0.8697281271712924,-1.0458584528668275,-0.7213921187524278,-0.7193773014843855,139.3039406237861
SOLUSD,30m,vwap_cross,Intraday_Trailing,False,1094,0.8755585035983502,-1.0980785791354142,-0.5592863131360173,-0.560823646327496,220.35684343199136,1094,0.8725764745720702,-1.1214120849357845,-0.5672451084244743,-0.5696023400250636,216.37744578776287
SOLUSD,30m,breakout,Scalping,True,1075,0.6678163421117527,-4.042263216570146,-0.9138139952145389,-0.915308726179842,43.09300239273056,2071,0.7033514150589025,-4.817392179528391,-0.986324086711953,-0.9872643397751395,6.83795664402348
SOLUSD,30m,breakout,Intraday,True,712,0.8001157485370366,-1.801006575938934,-0.8444321538389066,-0.8450813384646523,77.78392308054671,1200,0.8734241804337833,-1.4079752339470042,-0.8842859588086573,-0.9149018362963972,57.85702059567133
SOLUSD,30m,breakout,Aggressive,True,726,0.792509151575811,-1.7725300161212225,-0.826828558138906,-0.8246279573884799,86.58572093054701,1290,0.8204902507409145,-1.9741667485067242,-0.9403227598389463,-0.9531366185088229,29.838620080526844
SOLUSD,30m,breakout,Intraday_Trailing,True,979,0.6659648408757421,-3.2525071376661563,-0.8538361994881998,-0.8530726546280267,73.08190025590011,1983,0.7019689947538571,-3.908531635051048,-0.969118072150056,-0.9737766052240372,15.440963924972017
SOLUSD,30m,price_action,Scalping,True,1332,0.7506388653234988,-3.0766619519807015,-0.9119335821691223,-0.9188886093092936,44.03320891543883,2061,0.7569675629264576,-3.7802524032631046,-0.973223623365652,-0.9752437283014727,13.388188317173977
SOLUSD,30m,price_action,Intraday,True,849,0.8918330942865168,-0.9895896950872329,-0.7575276161355741,-0.8371421778161884,121.23619193221296,1077,0.8782128293215223,-1.2590537419538166,-0.8709501444900953,-0.9017902918000161,64.52492775495233
SOLUSD,30m,price_action,Aggressive,True,874,0.9070302454780131,-0.7850604035377775,-0.6940476968382743,-0.801762606585608,152.97615158086288,1175,0.8316626262212331,-1.7608894801129458,-0.924038382639628,-0.9351041693039663,37.980808680185994
SOLUSD,30m,price_action,Intraday_Trailing,True,1355,0.7051500859509556,-3.1722970172879332,-0.9190333054278194,-0.9214358185703679,40.48334728609032,2102,0.6972215354382668,-4.113339455547173,-0.9795256454970785,-0.9820339374039477,10.237177251460727
SOLUSD,30m,smc,Scalping,True,1779,0.6824122106237213,-4.758940167388958,-0.9827945646812715,-0.9829756848136235,8.602717659364266,3084,0.7279409192071254,-5.231531445440132,-0.997541243872686,-0.9977752582821049,1.2293780636570273
SOLUSD,30m,smc,Intraday,True,1000,0.788646197443391,-2.2734755502110957,-0.9512682361360726,-0.95113497175945,24.365881931963706,1375,0.8264578176719036,-2.1070540296823626,-0.9709276574424609,-0.9712192699171478,14.53617127876955
SOLUSD,30m,smc,Aggressive,True,1055,0.7221200760915988,-2.9459563129221644,-0.974869841170249,-0.9751481130083037,12.565079414875502,1452,0.7956011114690735,-2.424221222354314,-0.9779347171471272,-0.9784639228105294,11.032641426436395
SOLUSD,30m,smc,Intraday_Trailing,True,1672,0.6696213748124558,-4.086012376446964,-0.9649850862898728,-0.968020059692436,17.50745685506361,3019,0.6681180393419949,-5.474071025143127,-0.9976737305914519,-0.9979441187808645,1.163134704274038
SOLUSD,1h,ma_crossover,Scalping,True,1456,0.8341907462439848,-2.127020635350536,-0.9038338104754805,-0.9027960154439094,48.08309476225975,1560,0.8426097000436883,-2.0375788130874035,-0.9104047035005551,-0.9092359719967582,44.797648249722435
SOLUSD,1h,ma_crossover,Intraday,True,559,0.9178223578438606,-0.6237424566124371,-0.670891444040497,-0.7478323863488051,164.55427797975148,586,0.896972421750053,-0.8036781411824468,-0.7504583837043377,-0.767768928975111,124.77080814783115
SOLUSD,1h,ma_crossover,Aggressive,True,562,0.9433787496722583,-0.3852012766953409,-0.5605866945074838,-0.770120097405667,219.7066527462581,593,0.969408666555568,-0.1896045938788261,-0.5162921241229959,-0.7843812539971963,241.85393793850207
SOLUSD,1h,ma_crossover,Intraday_Trailing,True,1445,0.7799707159755732,-2.3160769303870445,-0.9191745639812584,-0.9232817489554926,40.4127180093708,1549,0.7920942194596633,-2.24064009829754,-0.9239769038140442,-0.9264830226838494,38.01154809297791
SOLUSD,1h,mean_reversion,Scalping,False,502,0.7702683907209324,-1.6760437762106133,-0.7208296189833485,-0.7361616878103714,139.58519050832575,502,0.7576427891375217,-1.7546004429309503,-0.7418151220979115,-0.7558638959676242,129.09243895104427
SOLUSD,1h,mean_reversion,Intraday,False,377,0.9282475793581012,-0.4310781973714253,-0.5208682139182568,-0.6161657949390925,239.5658930408716,377,0.9096555814545262,-0.5372963244395941,-0.5850861159963272,-0.6665039267626244,207.4569420018364
SOLUSD,1h,mean_reversion,Aggressive,False,391,0.9373003200828026,-0.34177462957071353,-0.48062574568101035,-0.6236192109427401,259.6871271594948,391,0.9183920585983817,-0.43812269776608953,-0.5471361308965054,-0.6557813646869524,226.4319345517473
SOLUSD,1h,mean_reversion,Intraday_Trailing,False,493,0.8123776113483075,-1.0223098753711122,-0.6001966039049261,-0.607028416998594,199.90169804753694,493,0.8022457591597751,-1.0590505151155218,-0.6249116367380725,-0.6328211658316998,187.54418163096375
SOLUSD,1h,bb_rsi_reversion,Scalping,False,425,0.7700069880901932,-1.5983136873732962,-0.6624081229033899,-0.7356353148647404,168.79593854830506,425,0.7718271928640298,-1.567177579350028,-0.6609600826304596,-0.7345138043999118,169.51995868477022
SOLUSD,1h,bb_rsi_reversion,Intraday,False,337,0.897719018719137,-0.5930068911307745,-0.5720844760276975,-0.681031414712071,213.95776198615124,337,0.9005652275149542,-0.5438184001702263,-0.5789566837722271,-0.6735705137863711,210.52165811388645
SOLUSD,1h,bb_rsi_reversion,Aggressive,False,366,0.8835618684142056,-0.6575533843016781,-0.6023865037554258,-0.7214998343259573,198.8067481222871,366,0.8986476375028787,-0.5241258380908643,-0.5845331099197328,-0.7151827244058382,207.73344504013357
SOLUSD,1h,bb_rsi_reversion,Intraday_Trailing,False,408,0.8295927767904328,-0.91772094037146,-0.4863874810943616,-0.5106883178923459,256.80625945281923,408,0.8259718207826221,-0.9349922067531782,-0.49612638726879477,-0.5189816609075659,251.93680636560262
SOLUSD,1h,vwap_cross,Scalping,False,559,0.8247773824559435,-1.3825012242839607,-0.6239486420400017,-0.6941784627287749,188.02567897999916,559,0.8177650183059512,-1.4464170105698015,-0.6356154899449886,-0.6945719744161005,182.1922550275057
SOLUSD,1h,vwap_cross,Intraday,False,355,0.9139999845663772,-0.5139402536046064,-0.5193625720016075,-0.6188318937447355,240.31871399919623,355,0.8832085933907948,-0.6920457228493886,-0.6112369249716706,-0.6654524090604699,194.3815375141647
SOLUSD,1h,vwap_cross,Aggressive,False,396,0.879223928990902,-0.7340497953630466,-0.6006068383075576,-0.6389108773678781,199.69658084622122,396,0.869725369462486,-0.7540254630437025,-0.6388308407290859,-0.6689601225459182,180.58457963545703
SOLUSD,1h,vwap_cross,Intraday_Trailing,False,558,0.7864672984367351,-1.4053528868420173,-0.6429482320018034,-0.6961628884431763,178.5258839990983,558,0.7828043603193519,-1.4288239908119778,-0.6475253562066166,-0.6925089352108887,176.23732189669172
SOLUSD,1h,breakout,Scalping,True,530,0.7045038950770175,-2.488184311956214,-0.7854240022342323,-0.782262719122626,107.28799888288387,995,0.7643807693597008,-2.5867527373492654,-0.9044064756912611,-0.9110598614789704,47.79676215436945
SOLUSD,1h,breakout,Intraday,True,376,0.7610849507406151,-1.637949181069562,-0.8244161268164536,-0.8318664193353055,87.79193659177321,620,0.850333374594078,-1.2270176038315017,-0.8593063216823236,-0.8798039267637887,70.34683915883821
SOLUSD,1h,breakout,Aggressive,True,358,0.8325473501166604,-1.0087796529880875,-0.6534625877927234,-0.6725585863076589,173.26870610363832,635,0.826014092038364,-1.3841276361269632,-0.8664925497911822,-0.9013360813678604,66.75372510440891
SOLUSD,1h,breakout,Intraday_Trailing,True,497,0.7380815500708217,-1.693532063838441,-0.6524053100037026,-0.6835476686049433,173.7973449981487,996,0.6907176800640594,-2.8880407539539252,-0.9171345840493437,-0.9243734460917487,41.432707975328164
SOLUSD,1h,price_action,Scalping,True,661,0.8205892829832353,-1.4870725722596054,-0.7102242168277005,-0.7455994658980444,144.88789158614972,1094,0.7839795375004032,-2.386579957914314,-0.9138229067741734,-0.9153182980367478,43.088546612913284
SOLUSD,1h,price_action,Intraday,True,427,0.935893556143609,-0.4173437252951285,-0.5235669574393539,-0.6862905271704398,238.21652128032306,564,0.9248530764526398,-0.5593855335610287,-0.6779320746074449,-0.8553398404231534,161.03396269627757
SOLUSD,1h,price_action,Aggressive,True,438,0.8524768916684439,-0.9098873079782982,-0.7231096537885724,-0.8064338665817286,138.4451731057138,593,0.8269172447573458,-1.2387515305321481,-0.868661896594525,-0.8979451114713746,65.66905170273752
SOLUSD,1h,price_action,Intraday_Trailing,True,662,0.8161682968148545,-1.1965437211407743,-0.6576890826054083,-0.6970431492479925,171.15545869729587,1109,0.8549156300589237,-1.1816311097875756,-0.748436794020314,-0.8018381406893351,125.78160298984298
SOLUSD,1h,smc,Scalping,True,845,0.7184692119048837,-2.90182726660518,-0.9098070327368712,-0.9088285825459145,45.096483631564375,1462,0.7726778794375017,-2.9583100138124636,-0.967418819917051,-0.9672159982149026,16.290590041474484
SOLUSD,1h,smc,Intraday,True,519,0.8592902602883756,-1.0460847826411468,-0.7936670590033598,-0.7894639235208512,103.16647049832012,673,0.9447464069356973,-0.4497480885999274,-0.6608758885268385,-0.7798092701816788,169.56205573658073
SOLUSD,1h,smc,Aggressive,True,539,0.837785781876156,-1.1717792397594873,-0.8063330146875263,-0.8033142870941281,96.83349265623687,727,0.839074257906529,-1.3486797107540134,-0.894305173700217,-0.9018098146918553,52.847413149891494
SOLUSD,1h,smc,Intraday_Trailing,True,810,0.6725834851598117,-2.8206165851238487,-0.9029220349339782,-0.9015474134652974,48.53898253301092,1428,0.7259241707947295,-2.9753590422736966,-0.966611584202931,-0.9670026408136204,16.694207898534486
SOLUSD,4h,ma_crossover,Scalping,True,380,0.8033423614953047,-1.3427609204321531,-0.7800354491569718,-0.8054414141429923,109.98227542151412,404,0.8306853078902796,-1.1395020361456747,-0.7603604215465201,-0.8056894270197783,119.81978922673997
SOLUSD,4h,ma_crossover,Intraday,True,149,0.8153814055598697,-0.7880862463840685,-0.7393003948355857,-0.7967382904328324,130.34980258220713,154,0.8366575348536917,-0.5869220965214134,-0.7640382953892573,-0.8124659501264325,117.98085230537137
SOLUSD,4h,ma_crossover,Aggressive,True,155,0.8667699103891844,-0.5146483753543659,-0.6107822164158471,-0.708007085057021,194.60889179207646,165,0.9277865860840958,-0.22094477889701264,-0.6032401504059247,-0.7669475120454583,198.37992479703763
SOLUSD,4h,ma_crossover,Intraday_Trailing,True,363,0.8256949082172617,-0.9374633936858034,-0.676114942797887,-0.7159877635402366,161.94252860105652,392,0.7904003411299004,-1.1900306883209306,-0.7625689153957034,-0.801834967883703,118.71554230214831
SOLUSD,4h,mean_reversion,Scalping,False,132,0.9515496918017248,-0.17263313467500263,-0.2094852202590335,-0.4446054956116392,395.2573898704833,132,0.9777227871725163,-0.07031172210173019,-0.18496251466514524,-0.42292794576834464,407.5187426674274
SOLUSD,4h,mean_reversion,Intraday,False,90,0.8656902697450385,-0.42074907019403884,-0.5149403546206952,-0.5490222322392846,242.5298226896524,90,0.7513842907016861,-0.6580883800756211,-0.7693497493134909,-0.7027750455909958,115.32512534325457
SOLUSD,4h,mean_reversion,Aggressive,False,99,0.9732349249601405,-0.07612797384874584,-0.3058243023130933,-0.5521876419278934,347.08784884345334,99,0.8906725459457944,-0.2582845942564288,-0.5896735024786,-0.5753534089056579,205.16324876070001
SOLUSD,4h,mean_reversion,Intraday_Trailing,False,131,0.9210088032105102,-0.22985145965264284,-0.23457222784058174,-0.4089779469485182,382.71388607970914,131,0.9376150237710382,-0.17858909389888286,-0.20804913484933885,-0.39116810250330286,395.97543257533056
SOLUSD,4h,bb_rsi_reversion,Scalping,False,116,0.9878374986287222,-0.039457334247309274,-0.13465920508250573,-0.3812025556626776,432.6703974587471,116,1.0489777797697533,0.13995841016569135,-0.03186553830474126,-0.3536279468872057,484.0672308476294
SOLUSD,4h,bb_rsi_reversion,Intraday,False,83,0.7647811864598625,-0.7725820832686731,-0.6452469904609268,-0.681109247272991,177.37650476953658,83,0.68942732084892,-0.8705440421962589,-0.7883738166355333,-0.7545956135730842,105.81309168223335
SOLUSD,4h,bb_rsi_reversion,Aggressive,False,87,0.7259974729853186,-0.8677911693977213,-0.6544477016350696,-0.6647847555885378,172.7761491824652,87,0.7369198033121023,-0.6785515980488608,-0.6931317441174003,-0.6590588981154997,153.43412794129983
SOLUSD,4h,bb_rsi_reversion,Intraday_Trailing,False,114,0.8559642346347265,-0.45814745277341407,-0.3324857625311449,-0.4026309898281048,333.75711873442754,114,0.8297085532948854,-0.5389295111882161,-0.37955763945919396,-0.3943349260158541,310.221180270403
SOLUSD,4h,vwap_cross,Scalping,False,135,0.8641393364470064,-0.5235507014160586,-0.34276645492007085,-0.4878290192745325,328.6167725399646,135,0.9432700243629936,-0.1886724472168762,-0.22335289523988944,-0.4750850876029577,388.3235523800553
SOLUSD,4h,vwap_cross,Intraday,False,93,0.8716253969009261,-0.4102213060678477,-0.4756440088161754,-0.6221145997640456,262.1779955919123,93,0.9179231138551152,-0.19977915470860655,-0.49768673858394985,-0.6500861660954069,251.15663070802506
SOLUSD,4h,vwap_cross,Aggressive,False,100,0.8027457106060009,-0.6313298410078968,-0.5639471168645662,-0.6733106683043966,218.0264415677169,100,0.8252895773442173,-0.42383072625925217,-0.5983258538370912,-0.666557263171606,200.83707308145438
SOLUSD,4h,vwap_cross,Intraday_Trailing,False,144,0.9959619294905374,-0.01183096363285438,-0.10354170257122108,-0.3915356337908956,448.22914871438945,144,1.0986256591109071,0.24441433858036538,0.05850142965524019,-0.38151676952707153,529.2507148276201
SOLUSD,4h,breakout,Scalping,True,137,0.8146084148743689,-0.7612133602966277,-0.38886473988438075,-0.5070840686100687,305.56763005780965,261,0.8426140229676596,-0.8058334313706829,-0.5974682361413544,-0.656311822498847,201.26588192932283
SOLUSD,4h,breakout,Intraday,True,97,0.970833306616944,-0.09211532323759404,-0.2362841338321221,-0.5360495429732971,381.857933083939,155,1.115643307560144,0.35762831302201664,0.03659581245365606,-0.6775155720723779,518.297906226828
SOLUSD,4h,breakout,Aggressive,True,97,0.7072570437315656,-0.9897643500755064,-0.6134378737922404,-0.7022071736669964,193.28106310387983,169,0.9478660585068336,-0.15323298708332783,-0.565163671876862,-0.8329219789907983,217.418164061569
SOLUSD,4h,breakout,Intraday_Trailing,True,129,0.8738180314921155,-0.41040575926038525,-0.26440558945641424,-0.4509341660607281,367.7972052717929,257,0.8813320257697566,-0.508587586493076,-0.4680265574229753,-0.6429783431453288,265.98672128851234
SOLUSD,4h,price_action,Scalping,True,165,0.8495970849551614,-0.621974777210703,-0.4369516881378075,-0.5088247638670733,281.52415593109623,272,0.8667759651060557,-0.686991706664651,-0.5989632218541262,-0.7887408986876921,200.51838907293688
SOLUSD,4h,price_action,Intraday,True,107,0.784856667886887,-0.7849316497640473,-0.6551473946101019,-0.7180880254333649,172.42630269494907,119,1.1377854475418172,0.3861069577259591,0.072806707276037,-0.5335994102662488,536.4033536380185
SOLUSD,4h,price_action,Aggressive,True,109,0.822762934827973,-0.5805374087707382,-0.5573314985842552,-0.6400993849383421,221.33425070787237,141,1.1104290240797579,0.2988177427835998,-0.055844482471942514,-0.6702890053448518,472.0777587640287
SOLUSD,4h,price_action,Intraday_Trailing,True,166,0.8933016860840678,-0.37368325245860184,-0.2885911052377321,-0.478259414046792,355.70444738113395,273,0.9573822184351565,-0.1828687592826219,-0.3001194649009269,-0.6269384470136968,349.94026754953654
SOLUSD,4h,smc,Scalping,True,196,1.0091568812080387,0.03950257884229791,-0.10323172639747424,-0.5855107712697308,448.38413680126285,358,0.9248166576911638,-0.4496598407216967,-0.5343488856185138,-0.6603031245596626,232.8255571907431
SOLUSD,4h,smc,Intraday,True,125,0.9503939198360041,-0.17892376875875687,-0.41451050977050075,-0.56992972789438,292.7447451147496,177,0.885939062682959,-0.42423202970748897,-0.8028013746869316,-0.8674658029604646,98.59931265653421
SOLUSD,4h,smc,Aggressive,True,124,1.1253175949614873,0.3752977828697448,0.13468659361940039,-0.5098603543769868,567.3432968097002,190,1.1906941118757552,0.5739699097344808,0.3330411758458447,-0.5014023322655915,666.5205879229223
SOLUSD,4h,smc,Intraday_Trailing,True,194,0.9392337856972892,-0.2175947905693507,-0.24016085349657867,-0.48922470265021223,379.9195732517107,368,0.8807811501849857,-0.5939693001778196,-0.5934708344544655,-0.6843914658802202,203.26458277276726
